32,-3,23,-4,0,33,52,23,10,5,24,-17,55,59,-10,42,0,13,18,16,-7,29,23,6,19,18,54,-4,36,24,27,15,18,7,-9,16,7,-2,39,10,-19,50,36,18,38,7,40,35,35,-4,12,20,25,44,21,14,-5,9,-7,35,31,-3,42,10,-2,-12,37,8,36,-24,14,6,-3,12,34,-11,19,10,-1,4,12,5,46,16,-31,10,40,11,-8,-14,69,-11,0,-14,27,33,7,-45,-52,36,-35,-6,-6,16,4,10,47,50,5,12,-30,44,13,6,25,9,-9,17,45,58,72,7,32,0,27,-13,24,34,
44,26,5,18,-34,-1,40,-7,14,2,-12,30,20,60,0,8,35,-5,6,37,-23,7,-49,-11,17,9,27,71,2,38,31,49,1,39,26,-7,48,23,1,34,13,69,31,27,22,20,28,37,-6,24,37,15,34,27,1,48,26,22,5,47,32,9,22,-17,27,29,-4,10,15,36,23,29,44,10,6,7,11,26,42,-12,30,26,-33,42,7,88,19,11,24,2,7,21,24,33,-4,1,50,0,32,2,43,31,25,37,-13,29,4,22,9,6,18,13,-12,34,20,29,-6,2,44,-6,22,33,8,17,2,5,20,34,
26,-18,53,19,2,20,-4,-5,47,27,36,26,16,29,-19,11,6,19,16,22,-15,13,57,15,-17,0,-17,10,36,21,41,36,25,22,9,29,42,37,53,8,16,38,13,44,10,14,-13,25,38,2,-18,22,-7,36,14,-10,19,22,14,26,46,3,41,2,-10,-13,-10,4,-11,3,8,25,21,-12,19,-27,10,32,-9,18,5,-15,-2,34,42,10,26,-2,-10,21,44,-6,0,5,3,15,-15,14,9,-9,12,-5,7,23,18,10,21,15,30,15,39,6,-25,12,24,42,25,28,2,5,36,-32,45,26,-19,17,32,12,
36,51,17,24,45,19,12,24,11,-2,18,34,-29,1,31,8,13,40,21,-1,14,1,12,27,31,27,-3,25,19,19,4,53,30,54,13,7,-12,11,32,7,30,8,6,21,11,54,10,26,12,3,39,24,-37,-37,-21,18,4,22,-16,29,9,32,-16,56,12,-5,-16,3,5,52,16,26,82,-2,36,-9,17,29,-1,31,21,31,18,34,68,2,-7,-14,2,27,19,18,14,-5,10,12,-21,35,3,20,6,-11,27,33,33,15,16,7,2,11,-20,48,20,-14,-5,20,17,26,44,41,-33,34,-27,31,-14,21,-4,-8,
-14,7,49,22,23,-14,20,-6,-11,26,27,0,11,21,12,11,41,2,10,-11,-12,10,14,35,33,46,27,1,17,19,-7,41,34,32,2,-12,22,29,7,19,47,18,8,-16,13,34,1,28,25,16,8,40,80,3,10,28,34,-14,-16,35,17,8,31,6,6,27,5,24,41,-8,55,8,17,20,34,51,16,51,17,27,31,31,56,29,-7,44,28,20,21,37,8,70,8,37,38,-5,13,9,51,0,-17,-18,17,33,-10,8,-21,31,-2,32,-7,23,60,28,2,6,17,21,-1,24,35,-17,22,17,42,26,51,25,
43,34,28,6,20,47,-4,18,21,-17,18,13,34,46,36,19,13,34,5,-29,6,-7,-16,39,39,18,39,35,12,28,-3,9,14,-9,51,9,8,-1,36,8,-1,22,-17,25,-11,38,18,14,33,69,18,40,35,52,-18,-9,18,45,46,21,39,21,33,-10,4,41,16,16,0,19,19,-3,30,34,11,-1,37,30,8,1,57,57,28,24,18,8,-20,31,-24,27,0,20,-16,7,44,31,14,17,22,55,22,47,19,-5,60,30,21,-1,26,11,34,-5,20,23,-7,32,27,-10,13,15,12,85,71,-5,46,40,18,66,
5,5,46,7,-14,0,5,15,45,14,-6,-6,26,25,14,18,24,30,39,19,16,-3,-2,15,29,19,3,4,25,10,48,10,13,25,58,32,-18,67,6,17,-2,13,29,33,16,0,-1,-1,-5,42,20,9,10,17,32,20,-38,45,-22,42,-23,48,13,42,41,20,7,-5,-20,-2,7,36,10,3,-31,31,38,-18,42,66,26,80,4,-44,-18,47,9,-13,14,11,33,5,4,6,21,32,-42,30,33,-10,90,14,-21,12,12,49,36,21,33,-22,30,-28,35,5,41,23,20,22,19,19,15,43,6,-17,-7,17,-1,11,
11,24,5,23,18,-3,17,55,24,22,67,30,32,17,57,2,9,15,22,51,-15,16,36,43,-4,31,-18,17,18,-15,-2,26,4,2,11,9,-22,38,5,-8,24,52,53,53,36,27,-20,14,-12,15,22,45,23,16,16,12,-11,19,32,-24,4,64,36,53,0,-2,39,34,0,37,23,-3,55,21,-13,11,21,15,62,56,-24,23,7,8,0,32,10,-1,15,45,70,21,-1,13,11,18,20,10,24,6,40,36,30,-8,34,-22,29,-1,28,34,52,42,24,26,38,11,5,-13,21,39,24,27,46,43,0,25,28,3,
-20,-23,21,9,45,37,-13,-16,35,-3,41,21,41,35,32,-9,23,36,-2,18,59,-35,30,35,14,6,23,-2,19,11,-6,57,1,53,10,10,17,-5,11,23,31,12,30,39,37,-36,3,5,6,58,-8,-17,21,29,25,-1,33,2,5,-3,13,3,10,-8,19,37,53,-10,-11,-12,8,20,-4,26,0,10,30,-14,77,37,18,29,45,-8,-4,14,35,17,12,3,3,13,7,34,43,54,41,28,29,22,23,23,46,-9,12,34,42,33,5,-1,-13,22,23,29,18,-10,54,-4,40,9,27,18,39,7,1,16,-10,58,
-8,-33,54,48,44,42,-17,-4,-8,8,-5,36,6,13,-4,19,27,27,51,47,5,49,29,30,22,-15,61,-13,15,32,6,29,52,21,-25,2,40,12,4,29,-17,33,-6,31,23,27,26,-5,4,25,0,37,13,7,39,-22,-17,-25,28,17,21,30,16,4,26,20,-8,8,20,6,30,22,21,3,-1,2,2,76,67,40,18,54,32,1,19,48,10,-5,15,46,-12,10,48,13,7,-27,25,12,6,15,20,41,16,43,-20,41,24,-12,23,62,27,-5,38,18,-15,34,21,22,-23,57,17,49,-1,-6,4,-10,39,19,
-7,13,19,25,17,20,10,12,4,20,37,16,17,36,-17,11,24,12,-11,17,-16,39,8,-5,3,42,17,33,14,18,8,32,32,9,10,-30,11,36,-8,10,17,37,20,0,34,14,25,10,6,2,-4,8,59,7,56,17,15,54,30,-17,4,4,59,-4,24,2,4,23,12,3,-28,27,51,14,3,45,56,51,18,44,18,26,15,8,0,-1,-15,7,-10,9,-9,7,11,14,26,17,53,-7,-7,22,28,49,-9,18,11,17,32,38,-6,0,22,11,64,23,33,40,0,-12,1,1,27,12,18,13,18,17,-4,40,
27,49,45,-12,10,19,-34,4,53,62,5,0,24,28,13,13,30,34,15,10,5,-11,46,42,26,17,8,34,17,35,8,4,40,-26,34,-2,-15,49,20,42,14,-2,-19,26,41,25,15,31,-2,6,39,36,28,20,45,-6,41,15,16,14,-13,9,45,-18,41,50,34,-24,5,25,-5,-21,21,14,46,12,51,1,32,-9,39,13,-14,-3,29,69,45,19,8,19,5,26,0,0,1,11,6,30,-14,21,13,40,1,29,63,65,37,50,31,-13,32,16,22,-11,-1,13,32,30,49,51,12,11,9,-6,-34,-2,46,18,
56,10,26,11,2,7,5,26,53,47,62,23,10,-14,29,39,34,39,17,7,7,-26,32,4,-2,44,-20,21,6,22,-2,9,22,15,43,1,28,2,-10,42,10,13,18,44,26,34,29,-16,22,36,-2,7,24,29,-1,49,60,64,-4,20,-7,42,6,52,36,30,44,-17,-17,29,25,-21,-12,37,4,38,45,4,-10,36,-2,33,25,22,-29,8,57,9,47,-21,31,19,16,9,46,18,-23,-3,-10,11,-1,60,-12,10,4,19,31,6,18,-5,8,-5,8,14,-6,24,17,2,18,21,37,54,16,-29,19,10,43,6,
23,-21,3,40,10,19,22,17,14,15,61,13,29,27,31,11,20,9,38,3,-4,16,-3,5,-31,34,54,33,19,8,53,74,37,22,49,22,1,45,7,-1,28,35,7,-10,14,7,-1,22,36,-3,56,12,3,23,-13,-1,42,-25,-11,10,21,21,40,11,43,22,28,35,35,17,36,10,-8,-13,85,49,0,7,-11,26,22,8,79,20,15,11,42,7,0,36,-4,11,25,35,5,34,57,-9,61,2,6,-36,45,-1,32,-19,20,30,-13,8,-6,19,-3,27,-8,12,6,-10,35,8,37,2,47,4,15,8,6,18,
39,-11,27,38,11,17,5,22,-10,21,8,-7,26,49,35,28,-7,-8,31,-5,58,-8,38,34,0,12,-14,23,8,52,-1,-16,13,64,30,12,19,11,28,1,-5,23,42,47,25,20,5,-17,-15,2,-35,2,18,13,6,-10,13,1,8,30,41,-2,50,5,50,29,48,6,7,7,-14,64,3,16,30,-18,-5,12,31,39,-28,-19,11,17,-20,12,72,10,6,-2,15,-5,-31,17,16,36,19,32,21,-11,4,5,17,35,1,41,12,0,7,49,25,-11,29,23,37,-2,33,39,-24,5,25,44,46,42,6,40,2,-16,
-11,1,54,29,5,37,21,38,27,-11,33,-7,16,12,38,12,24,-8,32,20,-17,24,10,22,12,-2,18,8,2,40,22,2,28,27,59,58,10,-27,-32,32,29,10,4,38,-19,9,7,9,2,19,26,24,35,34,23,57,-4,52,5,31,40,-8,5,6,0,25,15,-11,-1,6,-5,3,16,15,51,29,12,9,40,-7,37,-14,17,-13,61,14,19,23,8,28,37,25,24,24,-4,10,56,0,43,18,30,41,11,36,0,-11,3,18,26,8,4,14,36,10,26,17,24,72,-20,48,9,33,62,14,-15,4,7,-20,
31,43,27,14,50,33,22,14,36,16,31,18,9,24,53,4,61,-2,14,11,3,24,40,19,32,40,19,5,23,-3,29,57,27,40,47,28,-18,-15,-22,36,-8,55,40,-2,27,-30,-5,34,-12,37,-4,19,23,35,30,57,-12,42,25,22,52,21,42,21,-15,41,7,19,28,-14,2,-26,-20,15,64,20,-5,25,12,-17,9,67,-29,47,-7,9,-4,17,-21,11,-8,14,36,41,19,3,15,63,12,20,-1,41,-6,6,-15,31,13,53,-15,26,26,44,6,-25,33,4,38,40,55,2,-1,8,26,32,21,12,22,22,
20,15,34,40,38,35,-21,37,61,27,54,45,-7,19,11,29,36,5,18,16,15,-18,54,57,27,4,27,32,48,34,43,38,18,-4,33,7,22,26,11,40,47,44,20,-3,-8,-12,19,8,21,-22,10,16,-16,11,6,31,52,55,31,11,13,-29,26,4,3,45,26,-3,-14,21,23,-15,2,30,24,-8,52,48,-35,-10,35,28,0,31,-21,36,5,15,24,19,37,-13,0,33,11,1,-14,6,-11,27,-9,-10,7,-5,38,19,-6,48,2,51,38,29,-25,12,-17,-9,20,0,22,-23,24,-4,42,-7,8,-5,19,8,
20,14,27,6,19,9,-1,28,5,39,19,-2,12,-3,25,-19,46,21,24,-8,48,16,42,7,5,54,37,-2,-2,13,46,5,42,13,0,20,-3,-1,11,69,28,1,23,4,60,7,21,12,44,11,-29,27,4,-3,24,39,32,0,12,52,20,21,23,17,5,-4,8,43,28,64,82,8,-13,16,32,9,28,25,14,15,36,-1,-15,21,52,8,17,21,54,37,27,25,26,-2,9,36,-5,-1,17,11,-8,22,8,3,-6,20,41,39,-12,23,57,25,24,10,12,0,44,1,7,15,-3,10,8,38,33,29,3,33,
20,-5,17,52,46,5,20,37,19,44,12,18,-13,58,-2,-16,15,-43,38,7,18,52,29,-4,26,0,39,11,16,-23,51,-16,-2,15,24,-13,14,9,28,52,60,42,-21,1,34,-37,25,6,44,5,38,59,40,-17,29,30,15,-3,38,29,3,41,22,19,50,11,35,14,-6,14,14,70,18,-24,1,18,29,3,17,16,25,31,45,24,13,26,14,21,3,34,-13,36,-5,17,-17,26,3,-21,2,2,28,-7,13,43,-9,13,39,13,4,45,16,8,33,-14,3,2,-28,20,80,-4,-4,-6,23,61,-4,36,22,17,
20,9,21,18,9,-4,21,60,30,9,37,16,62,37,44,-22,19,35,15,24,-5,20,16,44,-18,31,18,20,22,15,34,2,-6,-11,26,3,30,34,25,13,5,32,24,55,32,24,59,-1,24,-11,10,26,50,13,7,36,14,3,-24,-30,43,17,34,24,22,41,41,43,49,8,-24,-7,-2,-5,31,10,12,-26,18,36,22,3,27,14,-5,40,-10,-7,45,26,5,18,55,8,-23,29,9,47,45,-3,41,-8,-3,24,39,35,11,56,-9,-33,8,31,39,28,33,63,12,20,14,13,47,34,8,32,8,42,1,28,
43,-4,-16,16,-19,41,33,18,7,5,-17,20,26,-1,64,33,25,-5,15,58,26,2,5,29,69,14,7,48,48,32,26,-23,42,30,7,4,-20,6,22,-6,21,64,33,4,44,17,24,2,23,24,-8,29,-9,-13,43,4,42,24,5,32,27,22,39,26,26,42,20,-3,8,9,37,34,19,32,63,31,17,14,25,16,10,9,39,30,25,46,39,6,24,-23,33,6,-13,-6,-12,-6,-14,38,-2,38,14,8,26,4,-11,17,-4,-4,24,5,24,23,9,28,24,27,6,19,-5,17,45,31,-1,32,26,34,27,-19,
28,20,6,19,55,28,20,-11,27,66,3,-10,-1,27,3,18,20,32,39,-9,-21,16,4,58,11,17,0,38,18,1,29,11,-3,19,8,25,35,10,7,24,35,11,27,-30,-21,22,60,33,20,36,39,19,15,41,-9,41,51,63,28,10,10,13,50,46,14,3,6,15,-39,41,-18,24,1,65,28,37,11,10,-7,1,-3,36,50,-7,10,-23,44,39,47,-4,-2,29,-15,29,13,2,-6,-20,41,-25,23,18,5,47,-15,21,37,41,14,-16,-15,4,-13,-20,33,5,15,28,38,36,13,52,20,7,12,47,19,17,
44,25,-15,7,1,52,7,48,-12,20,5,18,-11,29,-2,34,-14,35,20,-4,-12,16,14,23,-22,23,5,-1,24,49,21,35,7,-4,49,9,23,5,24,63,8,20,22,22,26,25,7,26,16,24,37,-8,25,19,21,31,78,5,-4,17,51,25,18,14,26,22,17,49,10,16,24,-5,38,15,58,17,-6,28,25,1,19,25,31,20,35,20,50,32,29,2,-7,18,76,1,19,-13,-22,41,22,53,41,32,-15,-19,33,2,44,34,11,-14,7,7,-16,41,39,41,19,48,16,-17,6,43,22,16,1,31,-18,33,
15,17,55,12,27,-7,21,67,48,23,35,17,54,-14,-13,49,29,-23,60,45,0,24,49,48,34,-41,42,26,20,40,38,2,37,14,-12,-3,36,15,33,32,61,44,8,55,1,-8,39,29,13,0,42,1,44,52,13,41,5,24,-16,-1,53,38,-9,37,-11,32,28,24,21,52,19,64,4,20,12,15,56,8,-5,12,1,38,27,-18,13,33,32,26,29,28,35,24,22,-5,-5,7,6,14,34,-13,17,-18,81,8,5,2,8,56,7,24,24,28,10,22,-27,-5,30,19,13,62,49,34,43,13,9,35,29,24,
37,17,22,54,8,2,-4,-5,12,23,-25,-18,3,40,37,11,9,-2,6,53,7,-27,49,40,16,-40,-1,-1,12,33,23,18,6,25,-18,15,1,14,-6,-18,14,-3,3,9,-2,23,30,20,-15,11,26,32,-31,44,43,14,14,-7,31,44,-11,33,14,4,-8,4,23,-17,4,11,1,-39,11,45,34,33,18,-14,10,34,-10,-11,59,15,27,5,11,5,44,29,18,12,19,9,20,30,7,-18,19,55,-1,23,22,10,7,16,-6,2,33,12,16,35,25,15,32,-17,29,-19,10,53,59,30,14,-4,11,39,-1,50,
0,26,0,25,23,-5,-13,-32,16,45,3,-2,34,20,15,65,35,16,19,33,15,16,52,8,34,16,41,12,50,1,51,-8,20,10,27,15,27,2,24,6,10,33,21,24,46,5,7,9,20,-1,14,21,35,26,65,28,24,15,13,9,2,17,-8,7,-17,51,2,19,40,36,17,41,-21,16,-20,3,17,-3,12,24,-10,4,9,-21,11,45,-18,18,14,7,20,40,20,21,16,6,53,1,41,-2,4,0,37,19,-2,17,12,40,13,12,37,52,4,46,-9,28,9,6,44,33,16,-12,20,20,34,29,8,20,
3,47,-7,29,13,15,-3,26,28,39,13,42,28,20,42,15,14,17,18,18,-15,0,37,3,78,-37,-22,21,66,-33,27,22,36,0,-14,4,34,37,12,-12,1,16,32,19,-17,41,-21,60,-1,-18,65,-19,2,74,15,14,27,28,-10,23,7,10,29,9,3,-18,11,23,12,49,19,31,15,20,19,37,21,-29,62,15,11,35,55,27,21,37,20,-9,11,13,36,37,28,20,26,5,9,-13,32,-11,43,-1,21,19,39,18,17,-14,34,39,31,-27,-1,13,22,9,55,61,19,4,10,7,2,5,34,46,6,4,
7,13,24,16,47,33,14,-10,24,25,6,16,14,12,13,19,-5,28,-8,20,28,16,1,10,5,-15,-18,17,0,5,-3,48,7,64,1,-13,16,20,-18,-7,18,0,35,31,-4,-17,5,-4,30,31,-9,21,-16,24,-32,13,5,18,16,-3,36,44,37,18,-1,1,42,3,38,3,10,40,5,24,4,27,13,24,-5,-3,28,15,-2,27,25,20,7,15,-25,67,-15,24,50,13,32,17,14,18,14,-10,11,23,27,30,15,18,27,-15,43,41,-3,-2,8,32,58,9,43,37,18,34,7,-19,-21,45,21,39,-17,-45,
-37,-5,37,-3,6,18,13,2,-38,27,60,28,-5,41,-1,15,18,17,42,38,0,-17,7,18,46,-11,15,16,30,47,-3,9,30,3,11,2,37,7,-14,-14,21,15,14,21,35,9,-16,29,31,26,39,7,23,6,9,9,-31,25,38,-14,26,24,7,10,25,19,-6,33,-3,14,10,30,4,35,56,51,42,34,25,43,29,36,-3,20,14,-4,11,28,18,-17,7,-4,24,13,-16,0,37,-33,2,2,-27,7,-5,-3,-48,2,15,30,0,-13,37,50,6,-10,48,1,36,49,26,-10,20,28,1,-40,28,1,11,22,
20,-17,49,63,28,15,-2,24,24,-22,30,33,8,5,8,0,16,0,59,-3,37,61,25,0,-36,20,45,0,-12,15,8,-1,57,27,-13,32,15,2,18,43,13,-2,0,-2,17,17,38,29,19,32,33,2,-13,26,4,2,42,17,23,43,12,-16,-24,32,7,61,13,-9,47,-6,-8,27,28,58,88,72,13,30,7,5,35,27,48,33,-38,41,-8,39,43,-14,27,23,24,28,19,52,21,4,33,29,25,15,13,-13,31,8,16,23,3,43,43,31,27,44,40,33,26,8,11,-1,26,24,54,6,1,51,20,-16,
-2,64,-4,-4,15,-35,45,24,63,-22,25,15,42,55,37,2,8,37,18,23,-41,53,-24,77,11,21,-14,24,15,8,28,18,22,15,-7,1,25,-28,10,44,-17,23,-16,3,20,-21,42,8,-1,-13,1,19,44,5,3,-30,20,14,13,14,16,15,17,53,94,70,45,41,0,-6,41,57,7,-6,-27,25,33,32,8,-4,5,1,16,72,46,18,53,36,-17,40,21,10,3,34,-6,49,-3,16,-15,36,12,7,53,39,-9,-5,0,31,3,24,-4,14,3,47,59,-13,17,20,-3,6,53,56,-9,-17,-1,26,87,-28,
3,2,44,54,26,29,24,30,25,6,-8,-26,25,47,7,27,16,-7,5,44,32,4,-13,10,39,12,-22,-14,4,-6,25,8,15,56,45,27,-15,-12,-13,67,28,20,-12,50,-8,-14,-38,9,28,39,58,9,45,18,11,35,13,64,9,45,85,75,16,112,51,93,56,5,-4,48,13,21,13,-19,19,69,92,23,17,33,5,25,14,41,32,-6,41,39,-1,-33,1,15,19,-37,19,20,28,-2,38,36,49,49,32,35,41,6,10,-2,55,6,20,48,20,16,-18,-18,23,-11,26,-3,22,24,44,32,51,-14,24,10,
5,28,49,-10,-29,18,-2,1,10,35,54,2,32,25,4,27,38,21,-26,-8,-4,-3,26,28,-5,10,-7,17,2,12,-43,9,-22,36,27,-23,1,14,29,5,9,15,-10,14,6,2,9,52,54,19,34,25,-25,51,-16,4,27,59,44,52,95,59,131,66,36,-3,10,-4,12,-1,27,2,5,47,40,54,116,89,6,21,-2,-7,12,-17,7,-14,19,-14,-8,18,3,26,28,30,27,-4,25,25,38,2,-12,41,-9,23,10,-4,3,-22,37,-1,-17,53,-26,39,-3,28,34,31,-5,-23,-12,11,17,2,19,-13,-16,29,
-5,9,13,11,15,51,4,25,11,-20,53,26,6,8,17,2,39,29,38,17,-16,5,6,48,42,50,15,14,44,20,9,23,26,6,17,27,-7,41,-14,30,-16,-29,31,3,33,15,19,49,14,2,32,22,26,24,32,98,98,72,75,88,58,52,41,81,32,13,26,4,23,37,51,62,45,94,79,82,30,47,60,31,11,4,24,-11,33,-25,-15,1,61,3,7,-6,31,42,19,14,-7,35,43,76,43,48,-4,4,-16,63,25,59,8,6,20,47,10,25,46,9,11,8,-20,0,4,33,9,15,-28,6,23,20,
28,5,6,10,59,-33,-22,7,0,42,-5,23,24,16,26,19,28,11,-8,39,26,29,13,58,29,-15,38,42,13,-6,17,23,0,20,-7,0,26,23,38,85,18,15,59,30,65,45,-31,-31,36,34,36,37,48,-7,77,80,93,79,98,66,50,81,90,34,-17,51,20,1,70,99,103,27,79,49,77,138,58,97,75,17,59,28,2,2,21,2,23,4,51,17,16,33,40,-11,2,11,18,76,24,30,-18,20,9,14,8,-1,21,30,41,8,27,5,31,11,17,38,-41,16,21,11,13,15,41,55,3,28,10,17,
-15,19,21,7,17,15,22,35,20,7,34,13,-5,-4,48,2,34,10,-10,19,3,44,9,16,4,-17,1,16,40,-7,52,10,8,3,16,10,0,-1,-1,24,6,-1,31,26,-8,25,18,44,-20,7,3,7,24,58,99,35,103,71,93,80,63,31,43,31,25,21,27,-17,68,76,91,105,79,84,38,44,76,103,94,110,65,51,-2,12,10,9,32,41,37,26,10,-57,-14,24,19,4,19,-18,33,63,10,32,0,1,30,-6,11,32,17,6,26,-6,22,17,43,7,48,-2,9,11,-31,-7,41,46,5,22,-4,33,
10,29,47,45,7,43,12,0,3,19,20,-26,25,40,33,21,48,26,52,5,46,-4,-4,-3,-36,11,1,0,43,32,37,0,22,36,27,-2,20,-6,72,-28,70,38,22,24,55,18,16,47,16,-21,34,59,34,13,60,81,73,110,58,63,95,16,15,20,-9,38,24,16,47,107,59,69,106,87,78,74,94,72,77,49,93,82,56,19,-10,29,19,-1,33,-4,64,9,-7,12,50,20,30,23,31,8,-11,35,3,38,-5,60,5,37,-46,-16,18,-8,15,-14,64,11,9,-14,21,-4,47,46,60,14,-13,6,27,-5,
22,-11,45,56,22,22,29,20,10,6,10,31,41,16,6,29,17,28,14,8,5,10,19,24,0,-27,-5,45,11,8,40,-24,12,5,5,5,12,16,21,-25,48,39,-9,30,-4,16,33,8,5,38,4,15,-13,103,72,72,87,39,40,31,53,-3,27,23,-12,27,40,86,85,61,87,77,81,72,60,67,59,42,58,81,68,91,93,92,48,5,11,-4,11,42,36,8,-18,9,3,14,27,-8,20,-12,12,23,-23,7,-8,21,10,0,35,-23,29,18,1,13,41,37,54,29,-24,11,12,4,-22,23,23,43,32,-10,
10,34,21,-7,35,23,17,21,34,22,4,48,56,23,30,23,48,16,31,-10,10,17,10,36,21,27,4,6,-11,48,14,12,-3,49,35,40,37,26,-2,11,48,24,41,2,17,8,9,-7,2,10,50,49,99,108,66,69,73,59,58,59,-4,17,33,41,68,68,39,81,98,78,56,83,108,67,77,62,75,85,105,58,65,83,19,27,47,71,20,20,15,44,10,48,4,5,8,5,58,48,44,23,20,22,11,3,26,-24,44,1,39,20,21,36,24,6,13,67,17,0,-14,43,29,32,-25,44,26,21,-5,-9,
-6,16,38,8,-12,61,31,40,26,24,41,11,-9,23,71,-17,2,-12,35,21,10,38,3,22,31,24,18,-22,2,23,28,1,13,52,20,6,-38,-4,0,47,20,17,-10,7,38,-4,10,-17,-15,71,9,55,45,120,59,66,59,66,72,57,11,38,38,34,43,77,83,43,92,82,84,112,71,52,106,86,22,117,97,40,79,102,32,58,40,80,62,69,28,31,-23,5,27,-13,15,20,13,-3,27,43,2,49,17,15,29,13,35,5,41,5,11,35,-17,22,38,39,-3,33,-2,5,29,31,31,19,7,24,-19,7,
26,21,24,7,1,15,5,30,-1,5,34,32,26,11,-29,39,36,29,-2,23,32,29,34,-2,9,26,27,-17,14,-15,26,41,5,25,9,18,3,3,29,29,23,25,-31,39,-7,-5,28,20,33,16,42,32,81,99,111,86,69,83,84,103,49,-3,75,73,27,82,91,35,-6,91,63,81,57,50,77,113,75,80,73,70,68,102,83,94,45,68,79,58,57,20,4,1,23,11,32,16,-10,-12,38,25,16,5,73,15,-12,0,15,50,-24,-15,-4,61,48,34,36,18,26,-3,1,41,43,15,-11,24,18,21,25,-34,
-2,22,6,-17,10,23,27,1,-25,-9,20,-19,40,38,13,43,-7,66,1,12,2,15,-4,17,0,-8,61,24,17,-22,54,35,35,40,56,4,10,1,29,31,8,27,42,4,17,-10,37,4,7,69,84,37,87,71,50,65,52,92,40,88,66,78,23,88,56,82,88,93,74,65,72,111,94,47,45,88,91,46,121,63,116,72,64,113,58,100,24,139,75,68,61,76,75,6,-2,19,13,53,50,19,4,28,23,16,34,-6,2,1,20,42,19,11,-4,9,24,-2,16,27,-6,22,10,21,54,37,33,-15,7,27,
30,65,67,5,10,16,-16,11,5,76,-16,30,14,4,15,31,-23,17,-16,39,21,27,-7,-22,15,50,6,34,38,12,25,-14,6,23,23,24,22,47,24,-9,-18,0,-15,42,-3,10,-17,20,44,30,72,65,61,62,39,26,93,55,27,81,52,72,54,87,65,57,66,64,57,65,29,75,115,52,116,88,104,87,52,42,78,79,91,103,102,52,76,132,72,69,90,55,93,14,66,23,21,40,-3,33,-15,-45,13,-1,6,28,16,26,8,26,18,26,-48,1,37,44,-6,21,32,10,0,31,20,38,59,-5,12,17,
28,-9,79,12,3,46,5,46,12,32,2,10,40,35,38,34,28,30,12,9,30,4,35,35,-9,29,0,57,27,5,25,-5,-15,14,82,40,-8,23,0,20,5,-2,14,9,9,18,-11,15,75,68,47,70,54,74,37,67,87,126,78,110,105,61,67,98,75,66,68,75,113,72,61,109,58,49,69,111,127,60,73,109,115,76,103,65,76,21,74,68,57,89,107,50,64,61,100,27,89,13,54,-10,4,23,29,26,30,2,2,-43,7,1,36,9,8,24,12,43,40,11,9,-3,-31,44,-14,-8,7,12,50,-30,
19,28,-20,5,10,29,30,45,36,12,49,-24,8,-7,25,28,81,11,28,2,19,24,36,6,31,22,31,9,53,48,40,28,22,4,17,30,-5,25,22,41,53,18,33,35,54,24,14,0,80,48,85,53,78,59,105,83,96,85,99,79,66,67,81,71,65,64,10,107,85,88,96,55,94,96,78,63,110,63,117,113,103,91,99,137,92,47,69,102,55,70,-10,90,58,74,51,96,82,51,49,36,15,-17,9,-21,25,11,-3,31,28,19,11,12,10,22,12,40,-2,68,12,31,24,45,27,-4,45,-20,30,37,
32,31,20,32,11,5,-16,5,43,-11,-27,22,-41,34,13,16,-33,6,12,25,-1,13,-8,21,5,21,59,52,-1,11,-33,18,54,28,30,47,3,18,26,-10,29,11,40,-33,2,15,-3,56,61,6,106,153,50,87,73,59,101,89,81,62,75,75,48,99,98,85,75,70,78,60,88,77,81,75,85,15,75,106,85,113,85,69,70,48,70,57,72,103,83,123,86,109,68,87,102,100,42,80,58,7,84,80,26,36,-7,20,20,-2,64,-6,18,-19,-9,13,2,21,45,53,42,41,18,-3,-10,-2,5,1,40,34,
-21,47,5,60,59,-8,13,17,28,2,47,17,15,9,3,24,23,3,6,32,2,33,-25,-3,31,35,-10,41,30,26,27,65,54,29,57,36,6,0,35,39,12,1,22,19,10,8,12,65,96,87,72,62,44,24,44,18,77,98,68,122,83,49,50,57,85,63,91,70,28,59,90,90,88,119,57,88,97,82,70,93,92,35,69,91,47,65,49,51,53,89,75,95,84,65,71,88,58,65,72,52,35,45,82,5,46,20,14,0,52,10,29,14,24,48,-2,31,22,1,23,13,25,35,-10,13,25,30,43,28,
42,-9,-3,29,48,2,27,29,4,-40,46,-8,39,14,3,29,1,11,-36,31,19,24,14,-16,-11,-16,54,32,25,1,23,21,-5,29,8,32,30,36,41,6,-17,29,16,-8,43,59,55,74,66,54,77,71,55,72,62,58,112,85,47,91,103,88,55,88,83,68,151,51,95,60,66,44,72,61,83,75,98,49,61,79,72,65,77,65,81,96,61,76,129,75,38,74,38,91,107,82,108,32,111,65,52,92,43,44,57,76,10,17,70,57,22,7,-14,54,8,-13,19,46,11,-10,20,-2,-21,16,16,47,-14,37,
-27,36,20,9,19,39,70,13,29,27,0,16,8,56,7,-37,24,30,41,49,14,-17,4,17,19,-4,-28,27,13,-15,33,22,-16,-5,26,41,28,-30,23,64,13,24,49,22,30,50,15,89,91,92,58,65,41,55,102,64,71,62,36,59,76,74,48,73,149,75,71,52,56,62,110,85,109,59,51,89,70,91,121,76,90,79,56,92,68,103,75,70,80,89,78,50,86,41,106,100,107,69,70,57,94,81,99,84,33,89,89,16,9,-5,26,53,10,11,33,31,-1,37,-11,22,27,-6,-15,28,4,20,35,15,
24,55,-15,19,27,44,-5,4,-5,37,59,42,37,9,14,7,50,15,-15,50,21,16,11,22,21,10,42,18,25,-3,14,-15,22,47,29,14,12,4,3,24,13,20,14,11,52,37,64,38,46,72,72,86,77,41,78,107,95,125,70,108,95,-4,79,123,90,38,76,97,52,109,129,135,77,86,64,46,59,90,85,40,62,56,74,83,55,115,116,77,72,92,73,78,88,76,151,33,27,51,117,93,76,66,60,72,57,119,27,78,57,55,6,21,60,7,23,58,28,20,-15,-25,24,1,20,-8,20,23,41,50,
9,5,7,9,47,24,-2,-17,-5,25,58,55,24,-27,44,24,-10,-24,42,42,27,4,-5,17,31,26,22,37,48,-33,41,45,27,-12,-20,35,10,32,25,7,4,11,7,18,86,67,63,94,61,55,52,58,89,103,79,119,93,99,24,50,70,39,40,104,100,52,79,19,54,117,61,118,94,70,46,127,74,55,101,70,64,99,72,57,59,92,73,90,98,86,101,112,61,61,82,81,77,113,98,96,72,56,83,76,125,92,107,67,90,72,78,104,25,7,14,7,47,15,3,21,45,20,57,46,41,22,92,92,
16,24,2,-11,49,77,-10,-18,46,16,36,-16,23,-1,-4,27,18,-4,-7,19,20,7,31,17,38,9,-19,4,67,12,-6,37,16,36,42,38,32,-4,-11,27,26,13,27,13,52,66,77,49,63,88,100,64,49,105,64,117,97,28,101,113,45,92,70,75,47,88,22,65,40,34,72,121,87,59,79,74,42,117,92,105,91,66,81,76,40,91,51,94,21,73,54,85,100,70,99,66,99,102,20,24,-2,49,68,72,100,70,119,99,96,67,80,65,92,73,46,17,23,35,-21,25,17,26,60,71,104,65,107,78,
9,-4,54,55,-12,-30,-4,14,20,11,18,7,23,23,16,39,33,28,-2,-3,9,41,17,-16,11,12,40,25,-4,68,17,32,18,16,61,26,29,19,-25,11,11,31,72,-7,51,69,100,51,84,50,60,81,45,82,111,80,49,66,46,77,71,45,16,11,0,8,92,71,66,92,28,90,107,106,25,46,80,52,53,48,110,84,51,132,81,47,80,70,92,69,94,133,61,77,46,54,42,23,55,52,72,57,80,116,77,77,47,82,67,66,120,55,87,50,45,33,10,56,92,69,82,50,50,69,65,84,33,51,
-22,15,24,29,-12,16,8,7,36,32,-8,24,22,27,23,-5,-8,25,-3,-2,16,18,1,26,-14,14,45,-6,44,28,47,45,73,-3,11,4,12,9,31,-14,22,-23,14,86,111,61,68,87,120,77,84,66,65,74,87,74,102,118,59,55,81,52,-12,8,42,-7,82,109,25,34,53,119,53,74,73,16,48,57,75,125,56,94,75,46,39,81,87,60,129,55,91,99,80,60,61,66,68,-4,20,51,14,60,18,49,65,57,79,103,66,46,62,54,96,73,64,46,63,81,104,109,44,74,101,110,78,73,40,58,
55,31,10,46,4,26,10,14,-4,23,36,24,-5,33,13,-14,-12,29,15,20,30,29,21,-6,42,10,31,13,8,-29,43,-9,6,47,14,14,18,18,48,10,50,10,8,65,43,49,115,78,78,64,95,66,57,55,78,97,75,82,82,18,54,15,33,0,27,12,49,97,86,65,90,46,103,92,83,102,71,95,99,82,126,99,118,111,92,125,65,108,89,133,37,37,95,68,101,104,57,-1,16,20,-2,45,38,87,46,85,48,104,91,56,49,53,64,91,87,80,85,76,83,47,114,59,-4,34,29,47,121,47,
45,-5,24,92,30,20,3,21,36,8,20,36,12,40,13,-11,23,17,38,20,57,-15,-8,-28,38,12,21,50,39,8,18,12,63,7,-2,4,1,-4,21,33,25,7,12,78,100,97,62,56,100,118,99,64,56,93,103,88,109,99,56,73,42,8,18,3,-47,-16,61,52,87,81,49,46,21,55,102,73,63,108,109,87,28,83,89,55,123,88,107,52,51,109,50,99,30,52,85,71,88,16,0,-4,32,55,86,110,57,92,69,82,71,88,56,40,72,54,58,40,68,72,33,92,54,80,40,79,77,104,65,57,
-12,49,41,35,3,23,-8,67,16,29,45,20,36,12,31,-5,43,6,-5,4,1,-13,13,38,43,32,13,-2,31,29,27,9,10,21,64,2,-5,21,12,2,27,21,41,55,110,90,74,60,86,101,61,70,60,78,45,80,93,81,61,83,73,40,-12,-3,2,-20,12,38,52,32,105,60,71,67,108,93,67,60,121,93,102,61,74,26,98,55,56,102,85,71,52,101,119,96,59,94,47,72,68,14,57,62,89,68,85,74,123,6,62,76,69,94,14,38,68,51,67,76,90,71,90,71,58,112,98,36,41,97,
60,12,10,15,41,16,-4,14,23,-6,24,24,4,38,7,46,11,13,21,46,32,11,17,17,26,29,-7,18,7,16,13,-9,15,2,39,27,-3,18,6,60,-1,3,65,97,50,92,93,83,39,88,68,77,47,52,63,71,80,75,99,92,88,35,22,5,-19,21,19,22,77,100,75,33,86,101,77,76,85,84,82,138,5,88,18,92,103,61,85,34,62,98,68,87,75,81,103,69,48,57,94,79,85,100,22,112,61,101,74,36,94,89,71,19,37,56,38,78,59,51,45,123,76,76,68,43,58,78,57,98,
-9,28,23,30,25,-12,22,43,28,8,-7,10,37,14,-4,-12,22,11,49,56,-30,-8,-8,-10,65,27,-1,-2,40,27,23,11,16,42,13,64,31,-3,21,31,21,-6,43,54,68,120,58,79,89,26,71,100,50,60,89,58,87,85,92,91,96,73,26,-3,27,43,-9,49,32,46,112,95,60,26,43,99,49,97,56,102,87,63,38,62,49,49,104,61,57,79,42,85,79,100,119,74,79,51,77,117,83,119,124,59,67,69,59,81,56,84,102,57,78,127,97,87,106,56,70,73,106,49,22,56,84,-6,74,23,
12,6,1,12,1,39,42,-10,19,22,49,46,25,-14,27,10,19,-12,6,19,4,28,10,-17,-13,37,6,26,16,-25,-10,37,-13,-1,31,34,14,28,2,-14,14,59,74,108,110,62,110,55,116,69,56,106,50,51,78,71,65,76,60,111,92,59,55,19,10,69,51,46,84,69,83,65,64,69,113,73,58,69,91,99,119,49,94,81,138,43,100,55,37,85,66,45,90,64,74,59,106,50,123,90,131,80,51,77,79,43,81,52,50,78,88,65,85,104,40,98,80,55,95,46,36,50,48,44,60,52,69,104,
-9,-9,-3,26,49,33,14,46,18,-17,28,68,13,60,62,11,24,1,27,38,40,14,42,32,20,61,22,38,40,0,4,41,38,-6,3,20,-29,42,-9,7,15,-3,75,34,48,112,36,106,87,88,33,41,51,108,84,60,80,49,109,66,67,84,72,96,71,73,118,124,110,72,55,99,77,92,44,34,79,88,61,63,35,56,68,93,64,40,86,104,121,16,29,37,57,30,43,105,64,64,60,53,65,64,139,97,41,53,73,61,91,115,75,68,62,89,100,78,120,80,102,32,53,76,43,69,49,110,66,38,
-4,-14,19,2,41,31,24,29,11,68,2,-35,12,9,15,22,34,-22,-11,0,32,18,5,-6,1,24,-8,3,28,18,3,-11,27,23,-27,7,57,26,-17,11,-1,63,66,78,70,106,24,42,98,35,78,70,60,70,80,122,81,56,40,101,60,33,73,96,81,69,118,79,68,103,73,86,57,34,76,77,77,115,46,53,65,82,63,72,75,108,58,86,55,41,48,-19,63,-9,107,57,49,91,106,116,59,98,101,44,76,91,98,81,62,71,33,104,103,85,93,38,32,101,106,73,69,40,53,66,76,42,44,86,
44,3,26,13,7,-12,-47,25,20,-4,75,-6,43,15,14,38,12,43,64,10,-19,9,0,27,-28,23,47,-13,23,10,8,3,2,31,13,20,51,21,2,51,29,19,77,35,63,26,65,78,98,73,38,84,73,96,86,56,43,76,75,21,49,-6,33,28,53,50,63,72,75,53,73,89,56,51,47,106,103,72,85,119,47,52,71,107,66,67,65,66,39,78,86,7,45,45,40,77,33,86,38,43,34,25,46,15,29,36,69,66,22,55,82,49,142,55,51,71,76,109,122,81,68,48,97,100,69,84,26,51,
28,7,24,24,13,30,3,7,8,35,6,30,-24,20,28,29,7,-4,12,20,35,33,64,-5,16,40,23,6,39,-14,4,1,6,-6,34,41,24,-23,13,57,0,58,67,125,68,50,25,97,70,71,47,93,60,81,62,56,26,98,94,35,61,5,0,42,20,23,-25,34,51,79,142,113,106,62,123,49,61,68,69,79,85,124,44,104,97,85,76,35,50,93,77,60,66,18,70,66,55,70,76,95,12,44,-30,20,34,46,70,93,79,55,35,103,76,20,36,24,41,45,67,70,56,81,133,49,56,79,99,75,
34,25,28,41,3,35,15,24,3,48,19,60,26,-1,-27,7,11,38,20,43,-3,30,65,34,22,16,53,15,3,7,13,52,23,-15,35,7,22,19,4,1,-11,54,69,84,101,68,61,69,82,91,81,30,79,54,68,17,81,85,52,70,98,35,11,4,31,-23,10,19,-4,23,76,41,90,124,66,74,73,70,110,74,102,43,85,72,35,104,81,23,2,28,37,73,104,46,25,66,50,109,44,49,82,63,-1,20,5,65,75,64,60,117,103,130,65,25,59,14,17,23,47,80,53,139,88,61,67,121,55,56,
-23,21,7,14,34,80,0,60,29,34,11,41,51,-12,30,5,20,-10,-31,15,51,24,13,-4,12,-8,4,23,37,-16,23,-1,20,30,11,-12,25,1,22,9,6,41,88,61,74,65,117,30,70,76,78,60,30,123,86,80,63,80,81,50,23,71,60,65,44,16,21,43,4,-12,20,94,81,92,73,59,97,84,75,61,64,99,76,120,90,92,96,48,80,63,70,42,41,95,85,75,89,31,95,91,106,47,75,51,48,54,68,53,99,127,79,29,78,20,-22,26,40,8,8,56,47,73,45,40,91,56,47,60,
24,24,-13,-14,3,-18,13,18,-10,35,15,28,39,-10,-7,42,63,-15,19,22,14,48,6,46,6,40,8,-13,-7,-11,31,49,38,42,40,-3,6,21,7,15,36,78,69,71,115,76,82,83,64,56,70,68,18,67,67,85,52,42,80,66,54,84,45,54,31,93,61,33,82,46,37,49,62,61,115,59,50,57,86,71,30,36,81,91,71,90,64,74,29,53,11,23,33,80,55,78,67,95,109,71,72,73,67,99,34,105,86,135,71,64,56,123,57,63,29,26,21,30,-6,-16,73,58,102,61,33,80,74,96,
25,27,5,2,4,41,20,47,0,27,27,45,-6,25,-5,42,12,16,5,26,24,29,5,-15,23,11,28,21,-9,10,26,-5,19,53,39,37,38,10,37,20,14,30,98,86,43,52,72,104,78,56,71,62,100,39,85,61,68,69,58,81,126,70,78,88,63,53,103,94,51,2,53,53,44,28,29,87,57,74,74,33,74,90,84,39,66,66,99,55,106,65,66,13,52,56,73,137,75,55,60,86,41,41,53,47,71,115,60,57,117,82,75,82,101,64,33,66,55,18,31,12,-19,46,7,101,43,76,92,52,
-46,21,31,42,75,14,4,2,10,17,72,-8,6,12,-1,45,32,51,41,44,-7,4,21,19,-3,-20,-1,21,73,5,30,26,18,3,53,23,41,5,9,-15,2,77,68,75,53,69,101,17,55,56,149,52,32,53,56,56,74,95,104,72,21,66,115,84,61,94,49,48,85,84,103,81,57,43,98,68,77,74,53,117,56,57,104,26,38,113,78,56,79,107,57,50,33,62,40,66,104,94,75,54,50,39,48,77,61,54,85,116,82,64,55,51,114,57,91,58,73,50,10,11,41,-17,80,94,75,73,59,71,
-8,21,42,25,22,8,-3,14,11,-1,29,10,2,17,22,13,15,-22,8,16,24,-21,14,36,41,1,7,3,-7,39,3,1,-2,-24,22,13,8,16,31,19,12,73,59,48,47,48,64,116,69,49,91,94,100,68,53,3,36,21,35,35,93,85,71,85,88,52,60,110,57,60,74,90,67,53,51,74,43,60,69,61,100,52,110,72,109,109,43,109,95,24,113,87,31,58,23,65,28,92,42,34,88,66,92,58,15,70,37,28,66,56,75,72,77,51,78,52,78,53,94,32,49,12,45,69,120,116,40,54,
-18,16,48,15,13,26,20,5,9,8,-9,-15,45,9,-5,7,20,-6,24,7,-4,32,16,26,22,2,26,-7,50,28,16,23,32,-1,10,51,22,45,45,1,1,71,87,46,64,78,107,122,108,70,99,82,75,74,63,19,3,-4,-4,49,25,98,41,50,100,42,40,59,78,86,69,97,85,82,123,67,63,53,100,62,47,41,16,39,20,82,58,87,47,89,87,95,62,63,48,67,51,5,96,64,72,22,58,79,78,99,86,86,68,113,59,52,63,93,52,15,34,78,49,62,54,106,40,-1,96,88,69,71,
67,39,-3,-2,48,27,44,40,9,56,40,12,13,44,43,6,35,42,32,11,-11,44,81,-40,-17,56,-20,34,5,24,-3,32,13,-2,-3,5,47,34,17,-13,19,54,59,81,81,76,58,41,81,78,44,80,48,67,43,39,26,24,-4,39,46,82,68,99,70,73,61,7,85,84,89,65,102,71,87,44,88,62,84,97,45,17,20,41,12,27,75,57,25,47,61,67,77,127,76,66,94,49,36,58,81,45,94,57,67,85,90,24,78,96,53,78,71,128,67,59,68,42,69,39,123,97,49,61,55,57,72,86,
9,21,34,-2,12,-7,20,37,72,-10,13,34,42,19,19,-6,2,12,25,66,23,14,22,10,25,20,33,21,17,12,11,5,42,40,28,67,22,13,-7,42,39,62,57,84,28,70,84,25,72,44,72,78,75,69,67,27,34,43,-23,45,53,73,74,85,74,51,48,82,46,71,67,69,32,83,85,50,77,69,39,64,88,66,21,26,-17,11,25,74,63,89,92,92,102,109,61,73,74,92,32,68,38,63,84,84,63,72,77,68,77,77,93,45,54,75,70,54,107,59,36,70,64,40,84,83,81,73,48,36,
-15,-21,24,-7,50,10,54,25,16,13,54,26,31,8,-6,24,9,25,19,-1,-8,17,25,39,9,2,24,-8,-25,-11,2,23,18,43,23,33,30,17,30,41,9,62,94,77,71,89,72,104,98,49,93,70,70,66,56,84,65,64,68,99,90,95,66,69,57,54,43,92,87,74,74,101,48,62,121,142,92,87,65,49,86,73,100,61,83,40,78,47,66,126,92,86,52,55,27,77,55,109,92,82,89,79,71,81,87,58,97,52,134,36,68,54,83,72,156,65,60,92,40,83,30,48,70,110,51,60,75,59,
-24,26,40,-10,13,12,2,18,41,5,11,17,10,16,30,3,2,42,14,-5,17,-17,-17,54,29,27,-4,7,35,79,30,-3,15,13,7,-4,-3,-4,16,12,43,37,68,94,53,66,76,54,65,62,79,111,35,53,84,105,73,114,119,53,72,62,52,62,70,77,61,76,79,74,26,58,97,54,71,54,61,37,102,93,38,96,67,78,46,87,30,86,30,57,83,37,77,70,140,30,54,32,20,36,68,47,18,31,50,29,76,5,36,63,71,76,87,94,76,60,84,92,60,57,64,51,42,63,104,76,89,90,
34,-19,-5,53,24,25,65,-11,35,22,-26,24,57,10,25,9,35,12,16,7,15,26,34,39,24,14,23,19,44,41,13,7,17,13,13,23,12,15,9,-11,23,13,76,82,100,58,69,84,54,77,41,117,96,46,74,21,91,36,64,91,93,78,109,106,92,56,60,86,76,61,78,71,61,56,121,73,98,73,42,53,107,41,72,89,51,136,42,60,82,68,63,50,34,16,16,8,12,53,39,23,20,74,61,1,62,27,3,50,71,26,65,73,66,29,34,75,83,30,71,100,48,84,68,69,18,28,66,106,
9,-7,19,-1,17,28,-22,9,33,22,30,24,-3,71,7,21,31,34,24,16,27,31,1,35,27,24,24,8,3,6,50,66,2,15,13,19,25,-1,9,-22,-5,47,58,103,58,49,72,95,78,55,29,42,78,80,68,60,70,66,83,117,105,46,52,54,31,73,52,111,79,102,56,54,86,85,63,61,95,60,18,115,40,65,124,41,56,88,68,32,51,30,2,28,59,33,15,4,39,3,-5,-1,35,25,44,28,37,5,44,65,38,55,36,62,89,72,64,103,99,61,72,109,71,53,89,69,83,23,28,39,
0,16,-4,9,24,14,29,10,-28,25,35,-11,26,-1,39,24,-3,32,40,26,39,-24,-9,1,15,39,4,-12,20,32,-16,67,16,47,30,6,-15,36,19,2,-2,78,50,75,59,40,72,78,89,66,61,60,37,79,127,95,58,86,89,76,57,95,105,98,128,93,73,47,52,75,52,61,60,-12,64,75,60,69,108,57,75,34,80,61,78,81,112,61,34,28,61,35,29,32,10,20,24,15,38,42,2,42,53,17,12,26,8,45,52,8,74,33,92,87,60,67,73,38,86,109,66,72,47,55,110,19,-6,34,
9,8,30,-14,-6,27,21,22,7,55,52,12,6,5,0,14,17,23,-11,23,-8,10,-3,67,-31,26,52,-7,1,36,-5,39,23,-5,27,56,-2,-1,54,46,11,12,41,95,27,106,90,80,76,73,109,36,110,77,83,51,102,78,57,85,103,99,92,69,74,55,100,31,54,37,54,59,53,82,93,87,74,42,17,117,93,49,67,84,55,51,28,45,31,7,31,49,18,10,17,19,18,60,50,26,23,61,47,24,44,30,7,32,64,50,62,44,43,90,78,38,86,61,55,60,11,29,43,45,43,39,53,49,
-25,-13,28,68,-2,-7,7,40,18,18,-2,37,30,10,34,42,33,25,9,4,-28,24,8,-57,-2,18,24,41,9,26,8,30,32,9,3,11,-3,35,-13,5,13,25,-8,23,97,42,41,39,72,87,86,19,77,80,55,110,88,73,69,58,75,59,124,57,61,80,74,58,55,55,64,82,52,99,26,67,59,40,50,67,52,38,74,58,87,20,20,26,24,52,18,39,73,0,38,-7,-3,20,33,15,36,20,22,32,45,21,15,33,41,47,20,30,40,80,81,28,74,76,55,42,76,63,48,64,78,43,17,35,
21,-6,30,4,44,43,5,22,17,23,-3,2,22,27,30,27,-14,-4,7,22,-15,41,22,8,-3,23,37,8,11,1,40,10,-7,-25,-17,9,3,18,15,2,29,10,18,-2,34,91,59,50,11,46,79,62,157,112,128,154,87,83,97,70,107,52,62,85,97,92,42,38,39,96,70,69,88,78,64,44,57,68,85,68,64,34,57,69,52,49,39,37,40,45,44,20,55,46,34,-4,1,6,15,11,33,12,41,29,32,12,26,70,29,19,28,34,15,49,30,37,46,85,99,71,40,68,110,79,84,34,61,26,
5,28,41,-10,-2,28,15,24,6,7,-17,0,7,26,7,-12,36,26,19,47,57,37,23,11,22,17,3,7,14,12,74,-27,18,45,13,27,-14,12,28,17,-8,15,8,-15,72,101,75,82,49,78,62,63,62,64,52,96,89,34,57,74,89,29,65,48,43,104,61,54,123,124,104,49,45,76,92,122,50,40,50,25,65,34,59,71,37,-1,39,27,18,62,62,60,70,52,23,23,13,-1,11,26,48,20,18,35,58,32,13,16,57,42,47,32,31,5,19,37,85,90,85,28,88,52,56,80,64,51,72,46,
45,25,75,20,2,11,-18,22,15,8,20,-11,7,34,46,50,22,3,27,1,45,27,11,17,17,12,22,23,46,66,50,7,15,23,-20,-19,27,18,21,11,18,4,11,7,58,61,23,82,79,44,67,109,66,48,68,52,87,61,60,57,76,125,88,68,61,62,87,62,72,42,96,76,79,112,73,68,72,82,-18,32,63,4,43,11,16,66,26,59,13,24,41,38,35,64,40,40,3,26,6,21,41,50,48,45,22,29,25,50,47,33,12,33,29,65,49,36,31,44,71,96,74,76,38,72,88,79,77,60,
66,-26,33,13,54,42,1,14,24,-3,18,37,-4,56,18,4,-7,3,2,-5,39,-1,-55,41,23,19,9,-5,17,53,6,1,11,-6,20,22,36,27,35,34,-14,-16,24,25,28,68,53,98,20,57,97,90,92,59,72,85,66,76,79,96,67,28,48,53,61,88,61,72,92,101,96,78,74,77,47,64,65,71,35,40,65,26,76,45,57,44,44,35,31,36,21,45,32,64,44,55,36,47,31,47,25,49,15,74,60,32,71,3,45,10,8,28,67,50,26,15,34,49,67,55,33,21,-6,78,60,44,82,60,
21,33,4,3,48,13,25,21,34,18,23,7,42,73,8,31,19,29,5,-16,17,25,41,2,18,14,21,3,-7,49,-5,7,-9,14,38,37,-9,13,13,45,34,64,23,15,42,35,127,72,25,69,48,48,73,33,39,65,58,49,61,85,58,34,7,48,-14,21,34,70,60,52,30,35,52,94,51,68,83,106,96,63,58,17,32,30,27,23,14,15,37,26,36,8,40,28,13,53,37,57,43,55,46,45,12,68,32,35,32,30,49,10,16,26,24,31,18,15,23,19,40,86,17,55,80,46,76,90,50,53,
7,63,34,34,25,-21,14,12,62,13,27,14,-6,12,-12,37,39,37,19,21,14,-24,43,6,-16,33,-2,7,15,-18,-19,49,3,-23,13,19,51,24,26,26,68,86,77,41,11,92,68,98,81,112,62,109,77,66,88,59,84,66,80,60,79,-6,-20,44,10,47,32,12,36,47,12,38,41,51,36,92,100,90,108,48,38,27,27,6,29,16,53,28,22,3,39,16,8,24,6,34,57,79,14,34,51,22,37,48,86,67,49,20,43,27,69,35,32,45,34,22,45,30,82,76,68,84,73,58,50,56,52,45,
48,-27,53,8,12,-5,-2,21,10,22,36,14,21,46,3,8,5,14,-18,7,4,22,21,20,41,50,39,-2,29,25,9,36,29,8,39,-1,41,40,30,54,85,54,63,90,65,86,68,31,67,78,79,61,86,86,117,51,70,79,66,54,48,69,-7,47,12,-1,1,16,29,63,22,26,53,20,45,28,57,27,96,61,51,7,34,43,24,33,48,19,26,6,-23,22,31,33,48,73,26,55,41,96,48,40,47,50,41,30,43,9,52,22,61,58,34,61,33,33,45,44,48,99,95,81,47,37,82,61,70,57,
39,-22,-8,2,26,37,45,15,28,25,31,12,-18,-7,-36,31,18,19,50,33,-13,-35,9,49,-27,34,44,6,24,7,-17,31,35,35,20,57,53,13,79,70,80,66,58,56,46,23,72,79,51,41,89,98,43,101,109,90,123,42,94,48,42,29,83,67,47,63,12,50,53,87,78,21,15,80,68,66,7,75,62,56,34,-4,22,49,17,57,48,22,34,43,45,20,-45,33,1,67,30,24,13,50,25,49,26,40,40,36,36,15,39,34,54,45,42,19,52,26,10,18,30,39,54,71,76,53,73,106,38,66,
25,22,33,30,37,50,30,7,10,-11,-14,-7,41,30,-2,19,-4,45,27,27,18,9,7,12,27,32,30,30,-2,14,35,27,43,-17,43,35,64,81,69,41,126,45,94,130,43,59,69,87,63,53,56,45,104,99,41,69,78,109,86,112,105,87,99,75,89,79,77,89,88,80,79,73,48,85,57,32,64,39,47,38,39,-7,24,1,21,29,35,23,53,46,57,-1,8,19,6,2,56,57,32,37,44,60,20,45,18,53,6,45,41,52,45,43,66,12,45,38,19,40,11,64,68,87,86,80,32,67,42,94,
25,14,34,-5,30,29,42,11,-1,18,18,15,-6,-31,24,-15,43,-16,51,-7,16,-21,7,69,-11,12,32,-7,1,32,10,43,18,10,35,65,90,57,53,99,97,105,57,92,78,3,62,68,85,111,44,54,54,53,107,81,86,71,69,81,62,53,53,52,86,57,32,111,108,122,77,80,81,71,60,94,70,49,75,28,-8,12,2,13,19,25,37,-3,46,41,31,54,11,4,9,5,13,5,24,90,62,40,23,20,43,38,59,72,24,19,25,25,35,26,48,5,33,12,5,36,86,34,58,16,30,76,64,72,
-26,37,20,-1,13,-2,36,42,19,26,34,-3,27,17,18,22,21,32,12,5,51,20,30,37,16,6,19,37,2,8,6,10,39,1,85,41,64,90,29,90,76,74,101,62,90,83,88,36,105,82,69,96,24,87,48,70,56,84,24,55,5,25,45,60,38,76,61,46,92,72,71,95,49,21,51,59,100,106,30,5,13,12,10,6,29,14,26,-6,21,12,34,46,37,24,32,11,-13,16,11,50,71,56,48,47,70,41,43,55,54,59,14,64,37,26,22,28,11,21,26,53,75,50,67,35,109,56,101,21,
13,0,20,-1,25,-7,39,1,-11,13,10,-3,0,31,14,10,18,-28,21,57,29,13,64,-2,38,54,49,15,0,-1,32,25,41,37,22,96,81,95,88,86,108,96,47,107,68,31,74,33,34,111,59,100,70,90,86,29,78,90,62,16,-1,-17,2,20,93,117,49,118,78,72,81,91,93,32,90,104,104,58,50,10,14,2,-1,20,26,8,17,40,26,29,12,18,37,20,68,27,38,5,38,-5,14,45,30,56,78,24,60,33,41,37,30,36,43,27,14,28,14,-19,16,36,17,79,-2,27,2,75,78,57,
-4,46,3,46,52,32,30,-1,-19,54,-9,29,13,16,6,18,20,-4,42,-6,25,11,2,13,42,-11,35,3,26,16,-20,36,14,40,42,75,56,91,69,103,42,64,75,64,88,87,119,58,53,84,77,111,66,108,81,39,86,99,78,3,20,25,29,59,95,88,65,94,53,60,48,90,76,85,40,103,128,99,29,11,4,10,0,4,8,5,15,35,36,17,13,24,43,42,33,45,74,58,21,59,2,30,41,97,55,49,56,51,28,35,61,8,60,34,13,49,48,14,11,-5,27,45,39,37,-16,-5,66,104,
-13,27,23,12,43,26,8,-1,52,-6,-24,15,20,4,-4,-7,64,-10,29,-9,12,51,21,13,18,22,42,15,30,28,-17,17,53,35,47,113,79,73,79,117,83,99,43,96,106,97,68,101,97,56,107,125,91,66,36,77,46,65,59,101,73,60,67,109,69,30,151,69,68,74,20,62,54,69,94,56,92,118,15,14,14,-3,24,8,3,-1,6,37,21,55,48,65,46,75,48,44,55,19,54,63,57,87,31,47,11,10,20,31,27,44,37,71,39,50,11,22,14,8,0,1,55,71,45,33,8,43,41,54,
-20,41,34,19,14,40,-10,17,4,40,19,-25,-11,-13,54,-16,43,9,8,45,45,11,-7,31,29,31,15,24,33,25,18,18,41,64,40,60,71,76,66,121,103,81,69,64,81,40,64,84,107,107,69,72,84,119,64,32,25,76,72,85,60,56,68,74,34,47,90,65,91,49,101,46,47,75,37,91,50,87,30,18,6,11,5,16,24,0,32,21,22,13,15,44,30,39,82,53,76,21,57,69,43,52,91,50,51,42,48,44,102,45,39,40,44,58,29,16,50,24,5,6,6,96,70,45,12,46,25,28,
