143,122,120,170,137,142,133,143,134,97,157,114,165,142,116,199,147,130,162,155,184,88,66,139,114,137,142,128,101,124,115,163,109,122,116,107,91,158,134,103,107,99,105,148,143,114,107,115,143,144,106,121,105,173,115,149,172,76,188,132,146,151,125,97,132,134,140,139,121,171,149,127,137,126,115,133,108,144,117,188,521,21,11,27,25,21,-19,28,12,7,31,15,19,-2,-13,-16,6,9,-19,-19,16,-20,1,5,20,26,22,43,17,-8,16,22,11,-2,29,38,4,-11,24,70,409,1140,2286,2524,2554,2540,2587,2421,
126,112,117,123,157,146,120,157,161,208,139,135,116,143,154,147,150,133,126,146,94,148,151,124,115,168,125,124,119,100,133,127,160,126,102,158,109,144,119,85,170,128,122,143,134,153,138,154,184,149,166,121,155,125,120,131,138,87,160,142,171,125,118,115,114,113,117,117,145,127,121,80,95,151,80,165,147,201,164,219,27,7,13,-29,27,-4,13,21,34,23,28,7,23,40,38,-7,14,-9,-15,33,-4,0,32,11,15,3,4,7,24,12,24,16,147,-13,6,61,27,42,32,387,1421,2502,2670,2735,2472,2745,2530,2490,
123,132,152,147,123,178,132,119,111,161,136,97,106,97,132,114,127,105,125,142,170,169,91,113,132,162,173,140,106,174,110,129,117,148,110,129,148,117,75,134,162,107,112,121,122,149,131,143,145,159,124,172,166,147,117,120,111,140,163,138,153,162,158,179,165,126,122,146,121,161,142,181,107,111,97,162,117,134,206,61,6,5,-21,12,-21,24,-14,20,-32,39,0,13,-19,2,-12,20,16,10,-28,18,24,-19,23,17,18,31,26,5,-3,41,8,-17,26,28,1,-2,145,90,634,1196,2400,2585,2656,2492,2523,2623,2530,2633,
152,149,126,130,136,145,189,122,137,150,150,119,117,106,202,97,159,163,128,85,137,122,179,127,179,112,148,159,130,140,148,115,125,140,127,124,149,167,76,123,127,121,145,105,144,152,166,155,130,109,96,185,143,114,151,145,87,105,165,119,135,145,145,98,109,125,121,113,93,88,165,162,121,168,103,93,125,177,85,28,-12,9,16,21,-15,9,11,-2,9,11,8,-18,39,5,19,23,-7,16,-4,-21,-2,-3,2,16,14,31,-4,12,16,-8,12,19,36,19,18,26,91,979,2457,2599,2471,2577,2743,2479,2601,2494,2460,2632,
107,99,101,120,153,136,144,127,131,107,100,147,148,170,155,101,122,146,145,146,182,99,128,129,100,133,170,143,94,150,78,119,122,130,123,144,170,172,130,140,136,107,137,182,128,139,93,175,136,168,151,123,110,106,141,118,146,146,87,213,138,142,197,151,74,161,95,147,154,168,90,141,110,121,133,124,208,691,17,-8,55,13,13,12,5,19,16,-3,-3,30,-36,0,7,15,12,7,-42,23,-29,0,22,-2,42,-22,23,4,50,45,22,13,9,-6,46,357,46,40,391,1498,2428,2574,2634,2523,2715,2676,2780,2582,2505,2603,
209,147,151,135,139,112,121,158,155,116,121,125,134,160,159,104,149,86,125,171,151,213,159,132,112,136,119,108,120,181,109,129,170,109,114,127,140,187,118,166,141,101,123,114,142,141,113,151,127,115,88,140,149,112,158,88,169,127,91,141,109,96,106,124,152,136,180,170,108,118,164,124,129,111,136,157,255,63,-13,-7,-21,-20,28,4,30,7,-10,28,-2,-8,-3,33,-5,-7,-22,-1,4,30,11,17,3,2,15,23,-36,39,36,15,29,-39,-7,8,9,20,5,355,1046,2524,2577,2550,2565,2715,2513,2666,2694,2557,2580,2405,
146,131,117,99,137,110,194,164,157,167,113,108,147,143,136,140,175,156,121,69,113,149,106,148,129,102,86,136,196,125,123,159,139,152,80,125,102,99,143,102,128,143,128,115,108,151,184,79,136,129,163,123,115,151,110,97,130,145,178,106,134,120,154,120,104,151,115,85,115,121,145,80,121,109,154,183,148,1,1,12,-2,-25,24,12,-5,13,-24,-31,27,15,-7,9,42,11,15,-13,22,-6,10,2,15,-27,-6,3,39,-7,22,36,-25,-15,6,10,15,58,293,1220,2452,2676,2487,2562,2636,2472,2488,2688,2622,2678,2570,2561,
85,89,74,157,119,127,100,101,143,130,111,142,112,117,104,186,106,134,95,164,128,106,77,120,160,111,160,149,157,161,143,139,92,134,122,137,113,126,120,150,116,139,139,103,137,108,81,117,78,89,145,110,104,185,122,109,147,118,121,126,167,130,185,123,106,139,143,131,123,101,113,127,112,63,165,507,23,-57,-6,6,7,0,2,-9,44,-17,14,11,35,-19,2,50,44,10,-16,47,42,17,35,30,20,19,23,28,4,41,-12,-7,3,10,27,31,12,193,685,2427,2527,2559,2686,2903,2534,2552,2701,2633,2688,2690,2504,2614,
121,89,111,114,136,149,93,124,92,164,128,170,123,134,99,105,120,126,136,96,139,100,96,151,115,95,141,117,146,132,201,112,127,115,131,125,84,110,138,147,160,102,119,98,111,128,114,106,124,127,120,94,167,167,124,148,129,141,111,101,174,138,134,134,121,108,154,126,128,87,102,134,61,160,447,103,15,60,19,-30,-1,-12,34,74,31,24,32,16,17,40,19,-30,5,-5,-3,3,10,-30,3,36,-1,10,48,42,33,31,-12,5,26,12,33,11,69,493,2334,2463,2718,2492,2718,2654,2607,2529,2418,2673,2497,2577,2683,2619,
134,84,141,149,172,146,144,143,137,116,115,121,132,171,125,104,153,119,134,147,105,119,112,120,116,137,115,142,163,124,141,198,191,106,129,81,153,96,119,114,136,131,156,128,152,126,106,149,132,168,147,85,92,148,152,114,143,155,100,149,79,167,119,137,97,134,115,177,106,142,109,199,102,142,421,11,10,14,13,23,-12,-25,9,-11,-24,30,5,11,20,29,21,19,-9,-5,8,-5,17,52,61,-2,-3,-21,8,39,3,-33,-14,-4,-40,7,10,48,340,1196,2629,2587,2518,2558,2716,2541,2611,2741,2611,2654,2468,2637,2615,2765,
109,109,156,165,124,149,170,128,182,97,119,161,92,83,166,133,136,130,121,117,101,120,147,94,129,137,144,117,156,116,149,90,146,124,80,130,108,175,120,148,125,116,131,130,113,106,134,125,85,158,142,180,147,131,124,121,141,92,101,151,150,118,158,146,142,125,125,81,108,321,159,141,120,702,67,16,27,27,27,10,4,4,-2,3,3,4,14,28,38,-5,13,3,13,17,-4,10,22,18,12,20,-9,3,7,-29,12,52,-5,-5,46,1,21,79,709,2294,2476,2654,2461,2610,2517,2606,2586,2586,2604,2708,2639,2474,2611,2666,
171,131,125,144,137,96,135,102,127,162,140,172,155,111,160,100,142,118,152,135,155,124,147,127,76,142,144,175,108,126,137,184,110,118,171,155,149,114,172,158,149,111,143,123,118,135,110,135,61,109,130,151,135,146,127,77,97,146,133,143,137,135,89,120,69,143,178,126,116,109,156,127,291,155,3,-11,-24,-14,9,-15,-5,11,19,-18,-25,12,-31,8,19,13,-20,18,32,-8,-16,14,-25,1,-3,-11,11,99,47,-5,-16,20,34,5,-3,30,-3,392,1945,2595,2507,2739,2639,2610,2623,2636,2348,2553,2558,2677,2494,2665,2675,2679,
181,122,137,150,179,126,175,133,52,130,128,127,80,135,138,127,125,148,137,138,81,119,131,134,107,113,149,167,158,195,144,96,149,159,171,107,182,147,91,113,122,92,197,106,132,164,99,139,161,153,140,125,157,101,145,95,74,145,177,126,128,159,89,94,150,155,165,166,159,140,134,136,552,55,11,13,1,-17,-10,13,-19,18,-2,-18,25,29,2,15,37,47,5,4,6,30,12,0,181,10,-39,0,34,82,55,20,47,79,20,-23,9,11,108,831,2664,2566,2577,2657,2672,2341,2630,2656,2590,2658,2561,2682,2585,2862,2566,2513,
117,93,100,158,151,144,124,196,89,116,120,131,121,119,118,147,123,127,153,155,134,108,101,110,95,117,91,133,114,95,148,81,97,130,127,131,142,143,135,114,139,162,133,66,155,109,86,115,168,110,104,93,167,134,137,167,168,117,116,149,126,139,144,68,100,114,150,118,108,160,165,156,58,-6,-14,27,-23,-7,-3,-7,7,21,-11,24,17,17,-21,6,-1,-29,11,-16,-15,-23,-19,34,34,128,12,39,1,14,22,-8,60,3,13,0,6,55,313,2185,2682,2638,3080,2546,2476,2393,2435,2638,2607,2562,2717,2624,2587,2591,2673,2539,
118,139,153,122,153,173,88,129,104,131,114,109,130,85,161,148,111,186,154,112,158,159,164,103,100,113,150,174,91,108,149,130,110,103,117,169,154,105,129,109,154,137,107,137,115,108,105,106,137,134,155,128,124,128,149,98,100,147,138,171,140,103,165,137,89,105,203,151,99,122,169,383,27,7,26,17,21,-4,25,6,15,-1,0,12,1,-3,35,4,0,40,-24,25,11,4,36,39,86,52,39,193,22,40,36,-19,49,8,19,-2,-46,141,1713,2596,2666,2775,2441,2707,2656,2570,2587,2597,2622,2645,2536,2698,2479,2576,2498,2652,
104,168,122,57,94,119,186,137,142,144,170,119,128,148,154,146,201,182,122,158,148,127,119,114,132,159,146,114,133,123,142,134,132,158,94,169,167,133,109,130,126,95,129,106,104,65,93,133,167,95,150,92,69,115,114,86,150,156,94,106,176,131,150,178,169,104,92,158,143,120,247,108,44,10,42,8,0,22,34,4,-9,24,61,-25,-9,6,12,36,27,10,7,13,-17,10,31,1,-16,25,17,25,7,36,2,-27,35,16,-2,43,35,250,2283,2587,2455,2416,2654,2510,2588,2597,2473,2660,2638,2598,2605,2733,2588,2646,2628,2645,
62,133,119,140,150,123,124,131,132,158,111,161,97,178,195,167,102,132,158,150,113,168,81,104,160,132,142,108,119,102,125,120,115,87,128,135,102,147,112,115,136,126,86,97,128,109,128,114,111,118,92,163,123,142,116,199,102,150,143,138,105,124,107,163,137,200,121,113,157,140,219,33,43,12,-17,28,-3,-6,25,12,-3,-6,30,-27,22,-1,12,23,25,7,25,16,-37,32,-2,30,7,-17,-12,9,-1,-14,-3,6,31,-17,-14,59,35,641,2407,2555,2577,2586,2592,2656,2540,2631,2705,2593,2521,2554,2672,2602,2740,2522,2588,2681,
171,128,144,142,127,100,155,155,114,152,160,176,114,146,173,124,105,108,77,123,121,105,148,158,141,75,124,195,145,130,168,91,159,132,141,87,166,191,121,104,152,139,115,150,163,89,122,128,92,170,124,130,119,100,134,116,141,83,148,166,116,138,175,119,135,104,108,92,125,198,301,-9,11,-8,14,-15,3,22,28,18,-16,-19,6,24,27,18,10,-6,7,42,-1,12,-1,-7,16,25,22,58,-7,-12,0,-8,-12,34,29,6,-6,12,50,1130,2644,2587,2521,2394,2656,2469,2387,2687,2558,2567,2541,2535,2478,2626,2628,2636,2766,2558,
166,143,104,128,130,119,134,129,135,99,104,127,90,156,145,129,153,155,167,169,161,173,159,140,99,102,122,169,105,120,132,144,101,104,113,101,133,132,128,119,150,111,142,104,108,145,146,134,159,105,153,115,134,172,92,131,148,116,121,85,154,137,123,123,131,184,104,152,141,208,71,-18,-17,-36,-7,-2,18,-27,-14,28,12,-22,-14,19,26,-14,-9,5,-20,26,12,31,13,2,-7,9,-17,10,25,-5,40,43,20,17,22,46,-2,9,142,1706,2370,2520,2500,3255,2683,2485,2536,2545,2585,2535,2685,2651,2633,2650,2642,2647,2588,2736,
115,163,154,113,154,163,127,149,159,151,143,143,129,110,149,141,180,126,81,152,121,174,99,150,86,72,171,109,127,112,130,124,131,103,118,126,123,156,109,158,156,173,102,125,139,107,151,111,134,149,152,179,151,119,140,152,172,87,127,116,150,122,142,167,129,135,117,89,191,133,32,-9,17,19,9,41,25,10,6,6,29,12,7,51,-5,27,0,-25,-17,9,3,5,33,-19,8,9,47,28,5,27,30,-8,45,29,31,36,-21,55,461,2267,2400,2458,2442,2383,2511,2461,2565,2471,2757,2682,2596,2580,2641,2712,2755,2561,2511,2703,
110,125,123,102,116,125,156,139,140,138,109,165,70,117,108,110,142,102,179,138,85,82,165,133,149,175,127,122,153,117,132,87,89,100,119,173,97,143,159,158,90,128,106,139,98,141,117,140,144,145,76,103,135,141,122,110,126,143,173,123,180,143,106,157,152,154,141,133,146,451,-23,0,33,19,37,39,-1,13,-1,-36,-10,38,31,8,25,9,3,49,2,37,14,14,16,14,-9,22,10,-17,43,48,-13,39,44,37,-23,13,131,451,942,2386,2500,2489,2556,2554,2397,2474,2197,2274,2447,2473,2463,2637,2664,2502,2526,2401,2574,2690,
86,123,119,97,159,101,167,140,167,129,144,138,155,103,118,175,115,149,133,139,132,90,159,133,150,117,71,90,100,129,117,134,163,103,125,186,143,155,177,116,134,134,157,134,118,147,101,104,151,153,149,143,112,125,118,168,198,87,140,103,147,184,139,92,101,88,150,191,136,40,0,17,10,7,-6,28,50,23,-3,7,36,7,18,1,-21,19,57,2,28,39,43,36,-22,21,10,22,56,39,92,65,140,290,543,449,581,859,964,2159,2587,2600,2624,2414,2683,2598,2607,2713,2602,2568,2413,2437,2475,2442,2531,2563,2581,2639,2612,2639,
139,140,76,159,116,81,96,105,97,139,141,152,150,121,111,139,179,134,108,138,96,152,157,183,170,158,92,120,150,137,99,161,42,82,85,108,136,150,150,159,143,166,102,159,149,174,140,111,121,102,106,168,81,129,98,105,123,187,107,121,185,141,130,148,177,117,117,154,360,-4,12,30,51,33,-20,4,29,2,24,1,48,13,11,-6,13,21,48,58,124,103,165,268,335,446,617,916,1555,1192,1480,1816,2262,2501,2495,2533,2489,2290,2525,2573,2388,2576,2527,2580,2612,2509,2457,2542,2512,2613,2553,2599,2595,2502,2419,2315,2323,2461,2467,2574,
143,94,108,120,134,79,212,60,138,67,159,164,153,131,122,113,159,158,132,169,103,100,143,112,92,103,145,120,147,103,142,162,123,122,112,100,141,110,189,111,123,104,124,122,94,164,199,115,104,110,151,169,90,152,167,105,147,116,141,128,134,167,122,92,167,150,118,207,201,89,31,31,43,27,21,0,17,7,47,112,189,231,296,523,603,910,1263,1930,2142,1799,1973,2209,2432,2497,2460,2501,2482,2492,2635,2533,2597,2522,2603,2603,2760,2611,2573,2589,2435,2390,2591,2541,2499,2636,2517,2599,2534,2691,2723,2517,2614,2645,2555,2584,2586,2669,2450,2519,
153,175,115,138,94,167,130,127,180,135,170,114,111,139,109,109,95,136,146,117,126,134,128,165,130,83,130,167,169,107,154,127,118,98,88,183,156,160,118,133,125,140,155,193,107,130,169,126,126,134,130,122,161,141,158,128,164,156,102,145,192,142,137,136,145,139,220,435,753,1029,1845,1617,1265,734,597,858,1233,1523,1432,1631,2063,2305,2308,2462,2333,2525,2510,2555,2497,2541,2603,2644,2630,2605,2626,2499,2498,2625,2626,2681,2647,2462,2535,2629,2574,2639,2560,2527,2574,2460,2712,2639,2616,2532,2657,2643,2654,2729,2680,2624,2370,2750,2585,2627,2628,2667,2541,2627,
138,124,126,105,120,138,129,133,122,120,173,117,162,131,143,105,142,100,161,119,139,100,130,126,160,171,117,154,150,165,89,155,168,105,120,96,86,129,167,140,84,147,115,113,110,141,122,130,142,164,139,96,179,121,173,133,128,123,104,144,154,132,162,156,209,227,634,1415,2491,2508,2642,2503,2463,2569,2415,2576,2519,2703,2468,2446,2642,2492,2645,2518,2581,2698,2598,2585,2692,2448,2573,2530,2622,2641,2655,2586,2489,2503,2561,2683,2556,2593,2682,2548,2556,2662,2458,2702,2603,2441,2569,2574,2660,2691,2754,2503,2482,2644,2594,2514,2615,2631,2773,2764,2544,2681,2609,2668,
140,149,116,112,102,180,87,157,114,156,133,152,131,73,116,95,145,147,123,143,167,154,152,153,84,128,158,120,150,133,189,94,128,103,107,172,150,106,132,70,155,158,95,163,135,115,168,173,144,168,158,154,78,155,150,157,128,92,118,141,109,144,143,150,193,670,1643,2658,2658,2561,2566,2426,2551,2648,2682,2487,2668,2709,2599,2435,2768,2627,2647,2546,2746,2604,2646,2695,2646,2454,2595,2648,2722,2513,2533,2659,2597,2565,2636,2604,2741,2490,2439,2624,2619,2508,2538,2657,2570,2957,2654,2754,2668,2523,2598,2483,2571,2586,2564,2658,2573,2513,2613,2665,2528,2722,2448,2618,
109,83,93,136,114,136,145,101,153,82,104,147,122,98,101,118,105,148,139,114,124,191,126,115,121,147,155,147,163,162,123,113,129,150,134,162,158,159,102,124,155,139,147,150,140,168,161,161,121,160,163,168,172,118,109,154,160,129,181,129,144,149,163,184,579,1413,2428,2635,2676,2620,2463,2585,2550,2568,2729,2656,2542,2714,2568,2689,2726,2574,2633,2607,2713,2563,2674,2615,2377,2635,2548,2548,2732,2569,2552,2524,2559,2576,2617,2517,2675,2687,2586,2541,2533,2456,2574,2568,2565,3258,2638,2630,2607,2612,2689,2676,2584,2636,2611,2708,2606,2753,2613,2510,2577,2544,2550,2384,
137,133,121,167,146,123,116,98,109,121,114,149,104,183,81,130,123,131,179,117,171,128,159,165,148,119,178,164,157,96,143,99,98,188,148,189,120,135,176,137,134,157,97,121,93,121,126,131,113,145,137,159,114,77,111,168,186,184,128,155,165,128,158,415,991,2684,2514,2581,2619,2489,2692,2600,2624,2631,2432,2695,2612,2644,2705,2680,2502,2610,2524,2732,2513,2571,2584,2547,2777,2491,2624,2580,2672,2582,2617,2656,2689,2506,2627,2699,2567,2559,2606,2600,2607,2569,2651,2530,2514,2542,2581,2638,2601,2677,2663,2771,2661,2712,2619,2706,2523,2523,2694,2669,2584,2536,2523,2676,
87,138,70,127,118,133,147,145,139,124,114,119,118,126,141,97,98,123,148,100,128,145,128,90,182,143,46,110,120,149,129,152,174,117,107,176,165,71,140,125,159,127,132,115,112,142,170,132,94,160,177,111,110,122,125,145,128,127,157,140,152,144,288,1011,2434,2657,2603,2681,2523,2544,2629,2511,2707,2754,2533,2589,2476,2526,2637,2667,2768,2677,2626,2614,2550,2535,2572,2496,2516,2616,2561,2634,2458,2540,2572,2578,2585,2570,2595,2479,2506,2553,2603,2509,2599,2608,2577,2481,2586,2506,2560,2615,2635,2546,2620,2519,2706,2769,2679,2653,2599,2553,2485,2673,2730,2643,2449,2490,
110,135,133,102,117,131,146,158,178,131,59,159,155,133,123,114,76,129,84,123,141,146,139,137,143,114,134,183,186,144,138,85,120,195,110,94,138,152,120,100,130,170,137,162,176,130,102,105,113,145,119,146,138,92,157,143,167,113,72,171,158,279,962,2353,2517,2606,2528,2547,2637,2509,2669,2593,2590,2742,2592,2575,2626,2476,2718,2643,2595,2612,2679,2534,2472,2690,2553,2487,2469,2611,2570,2691,2536,2755,2484,2563,2487,2597,2682,2538,2586,2603,2664,2570,2601,2608,2586,2552,2523,2815,2569,2723,2696,2568,2570,2631,2601,2711,2545,2649,2798,2554,2405,2703,2672,2584,2602,2549,
155,140,149,161,161,145,91,139,90,145,127,121,115,84,132,156,140,159,119,128,143,90,170,182,174,76,89,171,178,179,131,172,141,151,134,167,125,154,133,150,123,95,152,130,163,126,164,143,118,132,138,158,167,116,123,123,95,156,103,135,152,823,2037,2616,2584,2673,2492,2539,2623,2662,2575,2691,2505,2534,2634,2705,2637,2625,2554,2438,2593,2545,2522,2521,2590,2613,2561,2571,2655,2666,2605,2605,2619,2535,2580,2584,2658,2657,2487,2721,2654,2511,2736,2592,2790,2470,2611,2661,2493,2412,2705,2664,2533,2708,2615,2652,2715,2620,2619,2652,2620,2714,2674,2547,2652,2665,2534,2666,
131,145,142,112,139,148,117,153,177,109,166,127,162,140,141,109,86,132,102,155,125,120,137,114,131,172,123,136,147,93,108,155,161,139,116,159,121,106,124,113,91,88,144,137,130,90,89,114,122,91,166,90,83,122,135,155,143,110,153,171,557,1846,2639,2535,2748,2449,2660,2641,2539,2636,2564,2586,2521,2659,2610,2722,2615,2557,2714,2687,2630,2560,2581,2719,2657,2616,2722,2787,2629,2609,2564,2603,2571,2636,2792,2585,2570,2593,2614,2569,2421,2676,2603,2942,2533,2537,2678,2649,2467,2681,2459,2642,2603,2599,2538,2579,2584,2690,2520,2627,2556,2550,2676,2659,2648,2583,2653,2601,
138,137,141,114,91,157,102,187,119,149,156,143,108,118,133,157,146,147,138,101,105,158,152,106,137,159,159,137,129,154,98,160,142,122,141,99,118,142,125,95,163,131,168,118,140,110,162,136,74,147,166,150,84,181,112,160,136,131,144,323,1379,2374,2614,2563,2509,2618,2668,2596,2497,2654,2524,2699,2662,2570,2489,2428,2530,2654,2673,2625,2632,2568,2638,2694,2631,2564,2587,2591,2706,2634,2710,2527,2602,2543,2733,2644,2560,2536,2594,2589,2558,2672,2694,2469,2529,2604,2536,2584,2602,2621,2617,2699,2620,2546,2614,2653,2597,2633,2506,2621,2791,2486,2721,2508,2646,2806,2623,2657,
90,151,113,137,135,128,128,105,137,125,87,153,91,149,154,83,162,159,193,78,100,138,142,110,141,114,123,147,88,96,159,157,157,176,84,160,144,115,93,117,115,117,156,111,108,85,105,137,128,158,117,170,122,124,154,96,145,100,186,1034,2375,2504,2703,2647,2676,2646,2565,2609,2522,2612,2427,2582,2618,2519,2498,2651,2559,2540,2594,2489,2581,2601,2648,2606,2556,2653,2624,2676,2606,2585,2583,2600,2661,2458,2732,2722,2620,2580,2511,2580,2638,2603,2455,2651,2391,2625,2552,2701,2696,2587,2763,2635,2522,2498,2712,2622,2571,2534,2643,2686,2480,2620,2490,2636,2774,2711,2656,2613,
178,112,143,110,99,144,137,93,124,139,127,158,114,160,162,81,118,141,166,171,127,107,109,138,113,94,149,170,94,109,137,106,86,122,154,129,104,211,182,142,113,96,113,162,140,162,153,127,90,175,148,123,145,107,107,105,167,165,707,2124,2432,2537,2654,2668,2546,2657,2586,2785,2423,2645,2616,2735,2596,2641,2517,2491,2547,2619,2693,2720,2618,2563,2717,2679,2517,2570,2585,2567,2484,2597,2639,2573,2671,2507,2733,2492,2605,2620,2451,2529,2642,2689,2508,2573,2526,2666,2651,2654,2684,2561,2667,2529,2593,2584,2647,2523,2610,2745,2537,2542,2615,2589,2597,2587,2787,2555,2619,2571,
142,127,114,114,80,57,124,172,139,112,104,132,115,146,144,148,143,161,130,132,137,135,127,142,130,136,109,98,115,127,144,135,100,157,141,101,151,161,170,132,151,100,180,138,159,106,132,142,151,191,110,135,173,163,115,124,175,480,1839,2534,2580,2539,2605,2552,2517,2615,2513,2766,2717,2676,2634,2472,2632,2662,2591,2695,2557,2477,2615,2684,2590,2606,2699,2576,2608,2632,2509,2656,2561,2584,2684,2695,2750,2625,2691,2696,2426,2727,2493,2718,2623,2621,2615,2522,2656,2549,2757,2665,2648,2445,2507,2611,2664,2710,2422,2589,2573,2660,2531,2464,2698,2554,2577,2654,2656,2769,2763,2601,
207,109,100,125,118,134,135,111,118,170,111,111,126,125,76,126,80,105,117,168,121,114,110,126,151,143,108,138,157,93,114,153,165,155,114,108,117,102,108,90,112,168,176,130,108,155,92,156,151,102,107,179,132,122,160,123,353,1476,2411,2534,2466,2542,2580,2661,2491,2401,2646,2617,2656,2489,2483,2450,2589,2602,2627,2581,2613,2675,2735,2683,2589,2581,2341,2650,2736,2665,2562,2602,2543,2785,2648,2602,2678,2616,2715,2593,2535,2530,2609,2510,2722,2535,2486,2559,2480,2661,2675,2693,2672,2542,2734,2572,2547,2556,2481,2558,2554,2531,2632,2444,2468,2682,2700,2540,2588,2468,2569,2562,
113,129,97,119,162,106,118,180,127,123,143,144,155,111,116,176,140,90,132,115,124,165,148,172,102,105,105,144,153,122,122,166,68,141,150,109,101,133,114,79,103,145,107,151,184,149,104,150,136,126,135,169,130,174,115,232,974,2310,2596,2541,2514,2511,2636,2634,2714,2616,2615,2667,2606,2646,2507,2658,2572,2607,2606,2573,2687,2576,2595,2721,2726,2698,2764,2689,2556,2623,2541,2614,2693,2742,2658,2665,2490,2633,2607,2553,2624,2433,2614,2703,2651,2678,2563,2612,2542,2595,2610,2726,2587,2668,2455,2718,2621,2650,2481,2695,2683,2616,2606,2551,2587,2629,2516,2600,2696,2715,2726,2772,
163,104,141,151,105,117,105,143,126,132,125,113,117,93,116,149,130,144,161,145,143,101,126,132,212,149,106,110,119,120,145,106,118,135,151,135,141,123,146,146,103,116,117,163,87,119,152,150,161,106,121,134,136,148,148,574,2103,2628,2563,2609,2535,2555,2591,2696,2702,2756,2605,2688,2569,2802,2630,2607,2711,2531,2591,2575,2583,2596,2641,2565,2708,2535,2559,2563,2550,2537,2702,2533,2571,2614,2676,2622,2514,2669,2671,2721,2612,2477,2664,2709,2676,2580,2752,2532,2483,2566,2609,2567,2595,2646,2498,2533,2584,2601,2628,2549,2568,2595,2517,2812,2571,2523,2629,2613,2500,2558,2731,2616,
147,139,129,125,106,119,82,120,138,83,110,100,154,135,130,113,162,125,117,113,151,91,145,122,108,161,112,131,108,117,135,150,127,137,70,186,127,147,105,105,123,78,113,120,116,171,137,129,116,173,144,101,129,111,306,1522,2606,2489,2694,2710,2565,2591,2592,2591,2663,2673,2727,2503,2674,2595,2605,2653,2536,2624,2573,2516,2530,2527,2752,2638,2425,2600,2667,2701,2526,2558,2590,2559,2486,2565,2778,2599,2598,2605,2764,2664,2534,2645,2578,2503,2502,2535,2681,2662,2543,2755,2597,2485,2692,2515,2637,2560,2673,2552,2730,2710,2560,2682,2592,2489,2626,2617,2666,2612,2507,2744,2623,2636,
148,134,112,181,165,108,148,92,126,124,141,126,151,159,138,146,108,167,176,120,138,102,102,83,186,131,145,99,137,100,102,130,149,128,147,131,107,182,147,193,158,253,159,140,89,152,157,180,134,135,146,141,121,205,1003,2387,2627,2684,2610,2735,2493,2646,2575,2594,2603,2543,2579,2648,2688,2632,2520,2645,2585,2698,2565,2712,2384,2490,2652,2650,2553,2631,2558,2660,2481,2696,2671,2672,2762,2741,2526,2594,2514,2611,2605,2605,2637,2706,2581,2567,2694,2613,2653,2592,2526,2547,2498,2605,2628,2540,2743,2621,2628,2455,2465,2620,2511,2619,2549,2775,2638,2581,2693,2389,2495,2615,2761,2668,
135,159,97,130,194,90,149,126,114,163,143,122,112,151,137,145,140,137,117,142,163,111,176,81,109,157,100,155,109,89,157,103,99,131,147,155,205,165,121,137,180,129,125,161,123,99,138,87,130,102,153,194,135,437,1947,2613,2705,2571,2601,2617,2537,2672,2491,2520,2677,2604,2557,2613,2526,2498,2544,2585,2604,2656,2650,2549,2541,2634,2543,2481,2611,2502,2518,2681,2643,2604,2686,2709,2536,2661,2648,2582,2507,2546,2656,2800,2585,2587,2613,2544,2635,2536,2496,2651,2620,2601,2583,2641,2633,2660,2670,2521,2605,2598,2545,2452,2718,2586,2655,2634,2676,2588,2706,2631,2669,2555,2580,2659,
124,166,123,121,150,112,141,198,146,152,120,95,155,101,148,134,98,158,143,128,140,120,104,157,167,145,138,144,98,159,171,102,106,132,151,186,148,112,164,123,149,115,131,143,129,151,159,115,152,156,104,168,221,1194,2623,2480,2538,2508,2676,2520,2564,2602,2665,2525,2485,2670,2573,2566,2683,2727,2661,2693,2504,2550,2461,2738,2662,2688,2689,2545,2525,2534,2627,2524,2628,2633,2598,2571,2526,2727,2720,2486,2580,2547,2621,2695,2557,2618,2651,2587,2663,2627,2584,2562,2596,2661,2512,2520,2693,2562,2496,2626,2624,2603,2619,2682,2582,2573,2600,2608,2550,2644,2512,2627,2569,2594,2435,2468,
146,60,120,131,98,103,118,83,97,144,128,113,94,127,154,155,112,114,136,200,109,126,140,144,158,133,94,140,144,162,116,98,124,138,94,154,164,144,144,164,127,106,110,117,161,153,145,127,152,113,128,179,676,2268,2611,2584,2624,2513,2587,2733,2582,2558,2610,2645,2496,2621,2651,2624,2444,2637,2776,2660,2597,2750,2653,2696,2648,2648,2606,2666,2504,2503,2653,2609,2667,2691,2668,2576,2615,2808,2654,2721,2674,2491,2628,2487,2500,2500,2447,2711,2489,2669,2513,2612,2668,2608,2625,2523,2533,2568,2646,2581,2673,2599,2610,2651,2663,2646,2528,2506,2731,2623,2745,2728,2675,2580,2579,2742,
53,95,151,162,98,101,134,149,149,152,153,141,135,119,112,118,137,72,144,128,132,189,145,105,136,142,153,119,165,121,179,126,100,123,119,100,138,129,160,161,88,214,134,123,99,108,119,163,137,143,136,271,1653,2564,2469,2453,2532,2599,2578,2584,2652,2639,2456,2468,2699,2572,2745,2555,2502,2588,2664,2510,2469,2530,2669,2677,2565,2561,2669,2654,2641,2683,2488,2445,2767,2681,2528,2759,2570,2509,2587,2603,2618,2510,2479,2643,2649,2587,2521,2471,2585,2637,2716,2660,2586,2557,2573,2740,2609,2721,2535,2685,2524,2493,2562,2455,2696,2489,2525,2616,2630,2647,2457,2619,2583,2663,2588,2705,
137,156,136,102,123,120,169,153,156,113,136,93,100,156,101,125,177,70,153,146,156,138,147,144,116,97,127,94,126,127,139,152,108,130,141,135,143,85,106,181,111,151,122,140,124,153,155,163,141,91,240,595,2298,2558,2588,2614,2566,2627,2659,2674,2738,2630,2555,2659,2469,2495,2490,2660,2708,2380,2525,2605,2575,2569,2635,2600,2587,2656,2594,2545,2589,2570,2605,2489,2582,2627,2522,2588,2429,2625,2631,2633,2760,2579,2740,2644,2683,2674,2705,2584,2610,2665,2629,2602,2599,2647,2530,2550,2595,2621,2695,2588,2657,2556,2618,2441,2560,2588,2600,2624,2698,2632,2647,2600,2601,2632,2544,2652,
160,142,135,176,143,144,119,157,143,140,84,102,101,128,130,86,125,167,107,128,159,152,109,127,109,113,117,154,122,119,136,130,168,152,120,133,138,170,93,127,133,102,153,134,112,149,129,108,150,120,148,1108,2338,2580,2631,2674,2649,2561,2612,2423,2570,2462,2466,2589,2707,2474,2653,2596,2647,2501,2732,2554,2677,2583,2555,2491,2658,2576,2589,2529,2608,2474,2744,2686,2610,2504,2464,2639,2812,2678,2634,2470,2414,2620,2607,2644,2541,2513,2524,2547,2636,2572,2665,2612,2350,2616,2657,2555,2627,2633,2646,2591,2662,2615,2706,2616,2597,2492,2704,2526,2586,2686,2515,2509,2551,2599,2600,2635,
107,112,151,138,134,119,109,129,155,132,123,120,134,145,159,129,169,174,114,157,190,133,150,104,137,111,136,159,162,153,132,144,140,169,137,157,148,127,133,95,147,151,132,120,106,126,131,165,160,123,325,1810,2514,2690,2618,2574,2584,2667,2631,2602,2609,2614,2673,2609,2584,2552,2515,2687,2609,2482,2590,2524,2530,2688,2564,2660,2646,2583,2638,2622,2777,2576,2596,2622,2606,2669,2754,2586,2538,2587,2546,2482,2520,2544,2751,2627,2597,2639,2611,2604,2463,2536,2758,2608,2610,2596,2541,2518,2668,2532,2555,2612,2552,2615,2726,2663,2595,2521,2667,2510,2559,2494,2771,2671,2465,2599,2622,2679,
128,144,175,110,116,109,123,170,123,132,134,160,151,177,165,154,119,71,150,139,115,113,169,161,138,130,142,54,129,130,110,147,127,85,160,105,111,166,153,143,126,138,113,154,95,124,169,144,180,150,350,2292,2617,2570,2551,2663,2591,2590,2684,2405,2572,2732,2566,2517,2647,2560,2637,2751,2610,2565,2682,2605,2553,2482,2473,2669,2489,2638,2653,2562,2576,2659,2701,2583,2721,2499,2449,2614,2650,2573,2583,2614,2624,2632,2612,2688,2541,2562,2606,2618,2638,2682,2453,2587,2574,2684,2547,2569,2608,2575,2626,2543,2593,2602,2708,2649,2538,2674,2649,2740,2481,2509,2639,2580,2581,2686,2624,2664,
107,137,116,137,159,103,109,149,89,100,133,137,138,90,148,121,141,147,118,192,145,136,148,162,73,146,137,132,151,152,139,131,150,99,110,78,116,98,84,128,138,122,74,125,145,108,173,155,131,132,293,2159,2630,2480,2443,2579,2746,2631,2510,2589,2696,2549,2598,2464,2641,2466,2620,2611,2536,2560,2717,2589,2669,2760,2470,2624,2629,2370,2707,2636,2504,2712,2605,2538,2440,2582,2717,2662,2795,2650,2734,2516,2600,2632,2402,2619,2579,2532,2440,2628,2622,2422,2651,2573,2540,2740,2598,2468,2537,2577,2701,2454,2515,2513,2577,2580,2740,2679,2582,2608,2632,2669,2586,2611,2429,2523,2607,2628,
82,119,125,140,97,132,82,95,141,131,132,137,129,165,108,175,139,160,138,162,121,101,135,96,119,126,134,113,149,165,171,109,112,120,145,94,72,114,161,112,160,138,150,160,116,200,121,122,177,157,299,2401,2540,2766,2579,2624,2462,2543,2583,2694,2667,2567,2492,2597,2667,2641,2562,2738,2596,2687,2519,2653,2770,2792,2742,2611,2582,2591,2499,2643,2587,2610,2655,2675,2501,2575,2629,2511,2617,2606,2556,2514,2737,2591,2458,2774,2547,2526,2531,2523,2705,2645,2734,2522,2565,2744,2604,2611,2578,2747,2653,2605,2551,2630,2601,2644,2762,2501,2519,2529,2710,2799,2607,2517,2618,2600,2637,2655,
144,139,188,170,103,171,152,131,132,95,93,193,149,109,115,127,127,115,124,155,181,198,121,107,115,123,158,131,143,133,85,151,86,115,119,155,154,116,112,65,163,86,128,123,112,95,151,121,144,116,287,2307,2645,2560,2591,2517,2651,2530,2596,2578,2449,2568,2521,2565,2471,2527,2570,2667,2586,2604,2703,2547,2533,2597,2557,2644,2671,2648,2583,2594,2678,2603,2524,2710,2489,2537,2584,2566,2588,2653,2584,2666,2609,2602,2569,2624,2565,2675,2669,2505,2495,2641,2647,2531,2628,2553,2767,2462,2559,2539,2523,2661,2705,2731,2614,2604,2734,2683,2532,2746,2591,2589,2565,2625,2629,2475,2505,2557,
155,115,168,88,127,148,194,115,131,147,108,145,108,140,112,163,116,84,150,149,125,102,145,136,125,143,107,151,119,103,104,129,138,114,91,98,113,123,131,148,150,178,127,161,130,95,137,178,167,136,292,2237,2605,2526,2638,2761,2653,2506,2466,2476,2578,2648,2595,2633,2687,2597,2633,2543,2447,2680,2737,2692,2637,2553,2608,2475,2575,2529,2701,2645,2493,2601,2628,2632,2649,2476,2481,2635,2472,2677,2530,2691,2676,2622,2610,2767,2559,2641,2539,2685,2650,2786,2500,2527,2623,2768,2569,2645,2571,2583,2771,2729,2800,2679,2591,2534,2590,2540,2591,2692,2553,2540,2718,2443,2488,2641,2796,2574,
121,137,111,142,131,144,119,162,141,122,97,137,185,128,131,126,103,159,172,133,126,117,107,142,127,106,131,120,109,163,79,192,157,145,102,148,115,118,139,161,117,115,119,167,117,118,126,147,155,166,286,2030,2606,2528,2647,2595,2719,2525,2594,2535,2536,2610,2519,2410,2602,2733,2745,2687,2596,2564,2627,2501,2607,2615,2534,2572,2788,2596,2664,2461,2683,2542,2657,2492,2613,2493,2776,2625,2565,2600,2620,2724,2546,2601,2713,2520,2587,2521,2541,2723,2579,2715,2676,2676,2594,2769,2596,2507,2719,2496,2726,2761,2489,2646,2612,2544,2452,2591,2553,2677,2571,2663,2582,2532,2488,2563,2647,2602,
150,118,149,146,144,86,153,127,120,110,122,129,163,103,129,92,127,175,99,124,137,155,112,142,124,158,135,125,130,142,115,160,167,99,133,102,147,135,151,144,142,148,136,172,149,131,142,99,76,147,222,1693,2743,2619,2618,2641,2678,2654,2631,2676,2697,2640,2622,2676,2539,2629,2719,2692,2672,2509,2592,2683,2488,2598,2678,2518,2652,2523,2683,2386,2660,2631,2614,2537,2613,2752,2681,2584,2540,2562,2623,2592,2626,2571,2786,2690,2675,2498,2544,2579,2524,2718,2557,2543,2464,2652,2724,2766,2578,2535,2627,2616,2529,2473,2590,2485,2494,2466,2538,2574,2646,2765,2680,2617,2437,2538,2600,2554,
181,159,110,145,93,127,114,113,96,116,169,134,169,66,127,112,123,172,94,112,157,85,156,135,112,135,173,156,112,165,124,122,178,86,129,133,131,193,153,144,139,109,118,130,122,122,158,149,165,165,211,1667,2647,2517,2642,2656,2641,2671,2560,2657,2573,2665,2560,2685,2658,2635,2604,2577,2665,2448,2650,2626,2530,2848,2611,2790,2666,2577,2608,2491,2614,2663,2572,2681,2657,2481,2653,2715,2562,2597,2542,2562,2645,2717,2621,2566,2658,2483,2699,2653,2661,2602,2621,2586,2646,2404,2537,2570,2645,2637,2590,2601,2561,2470,2627,2592,2617,2717,2620,2687,2822,2570,2772,2703,2660,2687,2529,2782,
104,118,123,107,130,119,158,90,158,119,113,182,125,162,96,111,176,162,103,114,139,123,123,134,105,122,126,135,161,137,173,133,124,94,90,150,138,140,111,113,139,90,128,77,130,202,159,130,153,134,200,1627,2565,2502,2700,2563,2667,2668,2587,2620,2783,2651,2724,2531,2614,2665,2607,2545,2525,2562,2600,2632,2668,2685,2697,2690,2687,2683,2668,2550,2537,2587,2541,2598,2648,2610,2478,2505,2468,2675,2580,2580,2612,2748,2487,2539,2712,2687,2782,2553,2608,2660,2708,2777,2614,2562,2523,2800,2528,2618,2626,2563,2632,2605,2570,2527,2622,2657,2640,2516,2556,2615,2620,2549,2729,2434,2549,2459,
103,162,161,113,58,87,126,142,158,147,146,135,163,166,148,150,71,133,125,142,147,138,139,114,158,175,125,134,114,107,154,170,164,134,165,129,152,115,121,118,150,183,137,106,149,168,121,98,190,111,131,999,2511,2583,2461,2552,2571,2613,2708,2680,2622,2688,2547,2606,2595,2459,2572,2538,2614,2675,2634,2708,2576,2468,2539,2600,2508,2475,2586,2565,2596,2652,2572,2590,2612,2642,2655,2564,2555,2380,2662,2706,2649,2581,2565,2644,2535,2603,2487,2463,2545,2589,2543,2462,2614,2701,2703,2569,2642,2529,2583,2474,2642,2600,2856,2546,2509,2553,2586,2673,2612,2720,2511,2666,2568,2591,2700,2537,
158,137,98,138,148,154,137,130,121,121,120,132,111,196,60,160,95,119,152,184,145,110,148,114,96,176,162,131,93,76,212,149,154,203,150,105,156,109,175,164,102,113,201,136,159,146,85,88,120,101,192,569,2363,2610,2632,2638,2562,2594,2542,2554,2563,2455,2646,2510,2359,2615,2611,2562,2730,2628,2594,2609,2612,2602,2600,2571,2626,2725,2674,2471,2643,2638,2645,2591,2655,2550,2701,2661,2735,2642,2535,2625,2653,2553,2488,2595,2603,2555,2642,2610,2605,2570,2527,2626,2566,2600,2553,2554,2726,2564,2621,2445,2717,2729,2534,2522,2663,2579,2508,2691,2677,2608,2648,2614,2712,2603,2494,2838,
130,150,152,156,115,127,112,152,80,129,149,114,127,133,157,109,139,121,143,130,134,159,163,123,131,177,100,135,154,118,178,196,119,109,151,139,136,145,153,117,139,98,101,85,131,157,104,154,113,118,128,540,2476,2529,2636,2442,2374,2775,2661,2619,2651,2675,2418,2545,2605,2614,2651,2659,2622,2482,2749,2711,2601,2598,2552,2566,2536,2681,2620,2605,2638,2606,2675,2638,2664,2502,2642,2675,2539,2634,2668,2626,2577,2527,2586,2564,2663,2514,2559,2470,2670,2468,2635,2616,2542,2400,2603,2596,2488,2581,2574,2720,2573,2561,2658,2655,2646,2566,2596,2620,2628,2645,2495,2643,2579,2654,2576,2536,
112,96,109,130,133,172,178,103,144,130,155,132,173,115,136,146,121,148,146,127,148,111,156,213,115,150,81,162,137,132,93,153,123,105,157,130,194,124,144,170,138,200,124,155,143,170,127,139,136,134,132,566,2483,2602,2714,2663,2600,2578,2528,2507,2642,2595,2603,2481,2557,2663,2397,2665,2484,2766,2679,2777,2687,2430,2735,2540,2650,2553,2477,2558,2547,2772,2639,2481,2599,2551,2833,2482,2632,2456,2736,2732,2668,2427,2602,2760,2663,2629,2633,2491,2630,2715,2626,2557,2624,2513,2548,2614,2696,2591,2737,2619,2582,2529,2784,2486,2547,2536,2548,2527,2626,2655,2513,2574,2460,2504,2594,2623,
125,125,121,161,140,137,134,201,147,174,85,125,131,91,99,132,173,132,133,136,114,156,163,167,201,104,145,78,127,165,135,145,131,99,139,190,134,178,161,164,129,181,146,120,173,94,159,198,147,147,148,376,2377,2577,2640,2543,2651,2652,2630,2505,2608,2618,2657,2509,2579,2619,2591,2821,2449,2703,2554,2645,2469,2677,2674,2796,2498,2724,2555,2558,2613,2624,2642,2485,2724,2600,2732,2526,2757,2437,2588,2607,2531,2621,2593,2727,2574,2569,2576,2533,2657,2542,2583,2695,2585,2579,2433,2713,2582,2586,2660,2650,2508,2633,2434,2646,2718,2512,2557,2449,2627,2514,2621,2489,2645,2738,2611,2575,
111,125,128,159,108,160,74,162,169,94,198,142,113,133,146,122,92,131,159,139,105,146,121,162,99,120,97,136,140,157,119,126,89,155,108,108,160,121,139,144,158,161,195,90,117,158,143,91,123,139,145,434,2165,2480,2517,2590,2532,2571,2703,2669,2516,2634,2543,2711,2590,2720,2589,2586,2706,2673,2555,2632,2550,2751,2739,2542,2737,2510,2404,2467,2505,2658,2447,2656,2704,2562,2733,2510,2623,2538,2504,2599,2681,2536,2640,2468,2677,2754,2643,2541,2572,2507,2464,2724,2649,2737,2604,2396,2512,2623,2688,2560,2595,2545,2651,2724,2581,2491,2458,2613,2553,2681,2677,2650,2611,2457,2755,2720,
160,114,150,143,145,126,145,122,105,114,97,134,92,133,122,137,138,167,67,114,187,132,106,154,124,99,150,135,126,138,182,144,138,146,133,128,130,134,128,131,138,111,147,120,111,149,118,168,148,148,144,488,2252,2580,2537,2643,2859,2546,2501,2728,2607,2450,2524,2689,2563,2601,2587,2607,2683,2551,2653,2664,2562,2772,2672,2692,2583,2427,2636,2600,2641,2629,2712,2576,2502,2561,2640,2725,2523,2570,2506,2540,2614,2522,2631,2666,2689,2609,2760,2674,2553,2644,2519,2581,2579,2531,2662,2730,2567,2707,2651,2519,2821,2503,2609,2555,2584,2758,2632,2587,2645,2464,2684,2523,2502,2723,2467,2585,
100,83,152,98,76,143,148,127,127,109,112,166,137,94,141,117,131,152,81,137,141,105,136,137,149,189,107,85,140,129,124,117,128,130,120,109,132,134,133,119,119,147,139,140,77,180,143,139,144,161,145,471,2290,2490,2527,2567,2517,2562,2644,2420,2650,2589,2688,2490,2687,2584,2875,2533,2777,2694,2664,2615,2593,2615,2571,2539,2582,2654,2691,2579,2555,2552,2671,2489,2545,2483,2629,2634,2747,2584,2540,2696,2579,2649,2555,2549,2581,2775,2534,2718,2601,2592,2675,2645,2557,2600,2513,2505,2690,2640,2557,2637,2628,2660,2817,2651,2629,2563,2683,2586,2700,2575,2741,2538,2760,2619,2716,2644,
192,100,159,114,186,153,107,156,113,119,161,128,163,130,110,113,139,161,162,161,139,162,153,134,98,118,148,161,129,132,81,89,106,122,70,146,126,164,159,129,197,79,164,145,158,182,138,163,182,163,134,511,2276,2640,2656,2571,2458,2616,2898,2507,2478,2643,2548,2564,2679,2476,2621,2675,2649,2490,2581,2560,2558,2572,2590,2669,2568,2694,2728,2460,2686,2598,2668,2754,2595,2499,2669,2678,2587,2621,2615,2587,2633,2702,2648,2698,2564,2562,2690,2647,2581,2576,2692,2456,2605,2643,2682,2610,2632,2625,2646,2625,2805,2516,2664,2594,2613,2605,2491,2650,2673,2552,2574,2588,3189,2474,2610,2571,
204,172,106,92,126,148,169,113,103,129,186,175,91,151,93,78,131,112,141,68,121,126,90,177,190,91,158,100,127,131,137,150,112,110,141,131,132,115,94,115,144,140,161,116,125,132,81,143,153,164,155,330,2005,2549,2665,2524,2650,2617,2644,2591,2496,2554,2534,2569,2570,2487,2524,2658,2639,2672,2584,2605,2660,2502,2541,2609,2604,2426,2628,2517,2596,2679,2648,2582,2710,2645,2539,2620,2522,2863,2559,2576,2659,2641,2609,2568,2540,2718,2567,2481,2587,2589,2621,2469,2582,2638,2688,2512,2548,2674,2687,2698,2489,2527,2566,2615,2624,2508,2538,2547,2636,2609,2660,2661,2539,2575,2748,2641,
110,115,130,134,135,142,155,112,171,69,69,95,49,103,144,155,136,82,176,144,107,147,111,150,92,115,148,133,123,146,115,133,149,155,151,101,104,140,84,205,133,126,173,121,156,129,139,124,100,100,146,155,1629,2501,2592,2624,2547,2572,2645,2698,2681,2656,2759,2627,2562,2709,2568,2572,2743,2616,2592,2581,2577,2648,2627,2613,2676,2641,2575,2364,2726,2491,2568,2617,2501,2704,2579,2547,2530,2686,2581,2599,2574,2597,2554,2632,2624,2577,2514,2740,2739,2581,2657,2543,2392,2635,2775,2684,2589,2715,2634,2533,2577,2511,2524,2610,2459,2578,2555,2578,2507,2666,2735,2608,2588,2524,2556,2719,
143,117,155,87,121,110,160,131,109,134,92,154,135,172,125,158,138,124,159,162,145,173,127,131,120,145,171,141,171,127,209,166,114,130,133,153,140,135,64,143,112,139,125,174,152,131,150,175,130,176,148,254,1735,2516,2533,2666,2558,2651,2503,2641,2707,2658,2512,2620,2622,2598,2640,2594,2508,2646,2627,2666,2525,2663,2626,2567,2661,2611,2579,2616,2739,2543,2582,2678,2558,2468,2624,2654,2737,2572,2617,2660,2574,2661,2561,2517,2761,2737,2596,2657,2643,2510,2646,2531,2527,2594,2601,2763,2585,2554,2805,2603,2666,2678,2623,2573,2601,2658,2709,2655,2611,2600,2516,2531,2505,2501,2567,2459,
116,169,150,143,110,162,120,168,95,178,122,148,113,125,129,115,148,126,128,123,127,154,137,139,110,108,127,96,90,127,96,147,100,137,142,128,172,132,188,129,132,145,129,164,133,128,130,152,154,168,139,208,1134,2577,2589,2479,2645,2643,2590,2608,2539,2547,2524,2608,2563,2559,2575,2566,2632,2508,2668,2581,2600,2402,2632,2506,2576,2660,2575,2581,2631,2670,2584,2918,2501,2569,2624,2649,2615,2798,2572,2621,2576,2588,2592,2671,2607,2610,2622,2605,2455,2536,2551,2557,2618,2556,2541,2622,2869,2561,2609,2749,2611,2705,2482,2564,2579,2682,2640,2418,2630,2582,2496,2562,2558,2733,2602,2601,
108,101,119,92,136,130,127,125,173,112,128,174,165,141,166,176,151,151,173,141,115,138,139,108,147,134,122,127,86,140,142,190,189,133,145,125,132,129,113,97,175,125,58,127,143,162,104,137,134,249,171,194,1087,2398,2626,2643,2565,2448,2582,2672,2627,2550,2553,2560,2547,2677,2678,2606,2558,2554,2534,2521,2700,2569,2629,2628,2637,2634,2623,2538,2616,2603,2528,2583,2542,2883,2743,2622,2620,2564,2670,2707,2629,2578,2581,2554,2698,2528,2676,2676,2709,2608,2698,2704,2546,2821,2673,2676,2489,2600,2606,2511,2648,2613,2572,2498,2686,2661,2677,2780,2713,2637,2611,2498,2709,2678,2634,2488,
131,98,129,175,125,175,129,106,112,109,123,144,115,150,87,164,156,141,133,136,211,76,123,97,120,115,134,122,157,150,117,105,111,106,142,112,85,143,127,128,163,134,143,161,121,150,177,145,159,158,164,230,1356,2451,2602,2670,2606,2760,2484,2499,2635,2610,2501,2642,2769,2597,2618,2575,2613,2546,2579,2588,2704,2668,2617,2577,2510,2526,2567,2597,2653,2570,2579,2467,2580,2694,2535,2532,2683,2536,2622,2608,2578,2658,2607,2664,2653,2722,2639,2576,2692,2532,2651,2740,2690,2571,2569,2654,2465,2721,2738,2591,2555,2591,2676,2620,2741,2611,2555,2570,2590,2599,2648,2455,2432,2635,2514,2582,
86,141,137,110,168,165,120,127,126,159,116,130,135,127,149,95,117,129,133,157,160,125,125,152,123,119,163,124,146,168,130,128,136,70,102,124,160,128,201,134,111,99,127,133,122,137,87,141,180,129,125,222,1263,2458,2620,2589,2691,2573,2711,2698,2577,2717,2474,2597,2555,2715,2555,2580,2523,2551,2597,2721,2633,2465,2578,2562,2717,2490,2597,2627,2475,2545,2603,2624,2722,2604,2783,2425,2597,2632,2641,2703,2637,2733,2494,2530,2626,2812,2554,2683,2536,2569,2597,2454,2724,2575,2518,2644,2643,2593,2682,2605,2462,2608,2542,2581,2529,2715,2675,2458,2527,2611,2554,2642,2625,2493,2573,2599,
164,167,130,157,112,187,124,33,161,118,138,124,139,161,93,132,144,119,175,133,152,124,120,148,179,127,78,143,147,115,149,178,152,110,147,129,61,153,167,132,126,159,127,121,94,147,135,137,149,91,155,226,1344,2688,2493,2707,2576,2667,2547,2589,2557,2540,2592,2534,2672,2584,2535,2650,2411,2647,2586,2409,2528,2803,2707,2639,2621,2668,2609,2617,2698,2579,2668,2622,2566,2639,2701,2594,2504,2608,2598,2550,2541,2673,2494,2685,2677,2670,2451,2625,2695,2704,2650,2497,2515,2548,2477,2581,2682,2654,2691,2596,2783,2485,2558,2724,2566,2698,2689,2640,2625,2549,2618,2732,2656,2522,2639,2581,
116,120,127,157,137,75,129,111,136,126,105,157,94,154,138,165,99,106,140,74,181,117,130,114,145,127,84,94,123,142,125,139,148,132,158,105,126,155,117,140,89,172,146,154,111,161,165,129,118,123,98,271,1346,2316,2593,2643,2573,2596,2656,2501,2809,2585,2619,2438,2656,2711,2592,2574,2572,2633,2561,2702,2643,2540,2516,2710,2601,2470,2647,2701,2563,2583,2626,2577,2561,2493,2533,2533,2626,2650,2568,2674,2505,2651,2593,2567,2701,2710,2611,2699,2609,2499,2504,2594,2724,2561,2633,2475,2668,2594,2578,2615,2470,2618,2614,2620,2533,2526,2702,2603,2489,2478,2515,2557,2611,2424,2490,2590,
163,116,123,166,106,108,170,136,84,116,165,150,142,149,115,93,143,91,125,126,87,113,162,130,160,128,134,175,136,132,116,81,146,158,160,139,125,109,95,138,148,131,111,152,152,167,129,160,167,156,149,246,1827,2244,2562,2542,2656,2620,2660,2585,2517,2576,2475,2624,2441,2658,2640,2499,2604,2520,2434,2542,2604,2611,2599,2490,2567,2563,2597,2652,2616,2521,2675,2638,2729,2609,2521,2538,2606,2659,2518,2581,2536,2671,2664,2611,2648,2580,2726,2584,2564,2424,2666,2689,2510,2552,2710,2607,2577,2654,2539,2474,2411,2544,2710,2477,2602,2546,2730,2641,2689,2453,2647,2674,2731,2542,2679,2561,
134,84,141,112,152,115,174,150,162,136,117,131,154,108,96,71,173,134,169,155,118,161,122,155,157,121,141,97,68,133,135,86,165,154,95,152,126,122,146,131,124,175,134,163,163,172,150,184,118,142,159,586,2383,2347,2363,2546,2585,2445,2626,2433,2615,2549,2621,2644,2509,2544,2554,2593,2702,2596,2619,2573,2497,2612,2564,2567,2687,2648,2589,2601,2676,2543,2512,2549,2581,2618,2558,2629,2625,2557,2561,2558,2735,2672,2621,2710,2515,2673,2585,2649,2654,2665,2411,2633,2510,2820,2652,2582,2630,2739,2638,2709,2582,2816,2710,2534,2693,2580,2610,2636,2547,2676,2628,2637,2629,2558,2484,2510,
115,156,83,151,87,132,159,102,112,130,148,153,96,64,111,112,162,140,98,76,116,153,159,141,95,148,172,147,133,135,131,117,160,122,140,139,115,108,107,155,97,109,123,92,117,96,150,85,90,140,225,1082,2509,2362,2502,2683,2695,2613,2565,2718,2551,2558,2703,2510,2739,2475,2598,2605,2494,2730,2600,2620,2583,2653,2469,2687,2612,2614,2640,2480,2682,2513,2569,2676,2712,2622,2556,2512,2731,2571,2599,2619,2615,2569,2700,2629,2539,2611,2714,2500,2474,2679,2483,2512,2626,2533,2680,2564,2668,2571,2628,2604,2739,2623,2704,2486,2651,2581,2529,2598,2650,2715,2725,2540,2814,2640,2658,2660,
157,151,132,160,118,127,142,147,177,98,118,102,125,130,183,94,129,102,93,128,112,113,115,91,107,112,130,115,127,156,150,124,127,107,140,158,156,169,148,141,112,124,171,130,134,141,146,157,104,170,252,1648,2587,2416,2668,2526,2500,2636,2672,2597,2728,2572,2664,2601,2715,2676,2563,2764,2497,2535,2651,2660,2718,2531,2692,2551,2569,2607,2760,2611,2734,2601,2575,2548,2826,2672,2620,2644,2514,2541,2605,2607,2638,2571,2644,2554,2924,2618,2694,2762,2650,2562,2572,2632,2537,2584,2382,2609,2482,2708,2565,2633,2648,2674,2465,2698,2673,2604,2657,2619,2666,2556,2516,2654,2410,2618,2564,2567,
155,149,145,111,97,115,141,109,149,180,146,149,170,133,148,94,205,94,172,161,129,143,150,182,142,156,77,138,151,144,116,118,57,92,115,147,104,158,116,148,89,107,152,93,119,123,123,172,135,166,596,2085,2616,2369,2529,2470,2669,2623,2653,2624,2739,2677,2747,2515,2555,2642,2611,2667,2692,2511,2667,2690,2695,2653,2638,2558,2561,2522,2606,2571,2586,2760,2607,2691,2441,2608,2663,2611,2692,2555,2628,2605,2577,2657,2563,2430,2594,2760,2660,2551,2691,2653,2709,2650,2623,2675,2589,2563,2523,2640,2705,2754,2619,2669,2698,2662,2542,2663,2565,2616,2490,2855,2670,2602,2608,2648,2725,2549,
111,145,115,140,147,145,117,116,128,146,103,124,160,71,145,140,122,120,118,97,110,123,170,97,165,154,172,76,144,100,188,127,109,183,139,122,113,152,124,158,116,131,137,119,68,177,97,140,149,185,999,2394,2604,2510,2384,2759,2606,2445,2446,2613,2572,2602,2643,2608,2674,2510,2676,2563,2591,2578,2660,2604,2568,2649,2384,2601,2579,2549,2497,2621,2693,2616,2686,2549,2603,2493,2667,2634,2580,2655,2643,2557,2672,2501,2654,2639,2502,2624,2551,2657,2696,2781,2539,2475,2648,2615,2673,2622,2672,2568,2711,2622,2644,2578,2590,2584,2674,2494,2550,2716,2610,2680,2623,2395,2538,2671,2628,2618,
126,133,178,151,129,170,176,127,122,123,152,143,131,124,151,125,153,175,163,155,87,128,144,134,108,112,137,148,120,132,154,111,96,174,97,177,125,140,126,130,174,110,134,123,148,134,129,135,143,178,1439,2664,2527,2368,2546,2484,2573,2614,2610,2571,2617,2702,2644,2524,2612,2685,2531,2656,2568,2618,2674,2659,2515,2554,2738,2511,2681,2695,2620,2670,2722,2556,2597,2490,2585,2493,2569,2620,2597,2646,2671,2596,2537,2656,2519,2476,2382,2613,2590,2573,2644,2710,2774,2743,2653,2528,2485,2699,2637,2552,2560,2658,2501,2564,2586,2590,2537,2787,2661,2790,2460,2633,2601,2537,2620,2685,2652,2494,
67,148,199,139,132,168,83,98,111,64,105,131,165,152,88,138,159,115,150,127,145,109,161,111,134,103,137,121,153,120,126,134,148,85,123,92,162,97,191,132,135,133,97,150,120,132,171,126,156,394,2161,2712,2481,2488,2497,2574,2547,2687,2606,2495,2688,2614,2649,2627,2573,2537,2710,2548,2496,2670,2739,2623,2592,2715,2494,2596,2648,2634,2616,2660,2589,2655,2565,2652,2725,2498,2553,2574,2581,2597,2494,2687,2663,2718,2449,2576,2578,2677,2423,2631,2838,2675,2671,2547,2613,2713,2704,2671,2743,2727,2472,2749,2708,2589,2546,2487,2636,2793,2663,2637,2581,2577,2588,2678,2596,2852,2565,2757,
147,132,140,145,98,116,163,149,103,122,152,145,115,138,75,134,157,129,129,126,78,113,140,84,142,124,147,110,142,103,86,122,186,123,173,129,137,160,149,132,132,93,112,100,114,142,122,154,184,769,2504,2503,2176,2507,2565,2629,2565,2666,2618,2580,2696,2561,2713,2627,2552,2613,2635,2519,2550,2732,2537,2610,2578,2839,2581,2625,2561,2519,2551,2679,2527,2562,2602,2696,2485,2688,2601,2613,2512,2553,2585,2559,2663,2632,2551,2564,2634,2652,2529,2544,2572,2621,2711,2723,2730,2637,2642,2695,2595,2667,2516,2572,2530,2607,2570,2595,2563,2828,2724,2533,2637,2689,2618,2638,2646,2416,2638,2732,
98,103,99,155,104,120,96,152,148,170,108,127,126,152,147,113,162,90,130,150,210,154,131,147,84,119,152,109,80,141,111,119,149,116,115,99,158,133,173,119,105,161,169,123,147,127,166,109,203,1156,2435,2412,2515,2640,2707,2635,2447,2729,2478,2655,2515,2570,2641,2819,2666,2452,2654,2570,2660,2591,2571,2559,2643,2651,2478,2524,2660,2703,2620,2635,2642,2666,2561,2630,2582,2588,2625,2695,2518,2576,2630,2455,2522,2690,2533,2565,2582,2596,2571,2520,2508,2580,2478,2572,2465,2598,2607,2587,2505,2649,2724,2675,2601,2712,2624,2580,2437,2477,2651,2757,2695,2463,2372,2734,2575,2505,2537,2587,
156,190,113,124,130,163,110,131,139,112,117,122,161,129,124,96,140,180,145,144,130,143,115,176,163,184,147,128,149,166,121,121,163,204,112,118,99,157,125,127,147,158,182,137,97,151,176,127,474,1958,2641,2463,2379,2390,2473,2348,2467,2532,2568,2620,2615,2619,2494,2697,2654,2479,2600,2516,2585,2583,2605,2693,2521,2767,2755,2604,2670,2591,2596,2622,2748,2564,2498,2614,2484,2585,2648,2773,2517,2609,2694,2577,2645,2599,2668,2597,2455,2524,2547,2647,2764,2608,2783,2591,2566,2694,2466,2524,2536,2728,2660,2604,2575,2555,2473,2519,2417,2706,2671,2658,2604,2671,2464,2623,2683,2605,2513,2660,
171,153,151,130,184,146,95,155,113,103,166,136,138,154,156,140,134,112,153,162,112,158,162,125,135,91,160,92,109,103,119,196,188,177,119,153,151,148,119,176,156,120,161,160,126,121,118,168,794,2520,2573,2672,2457,2622,2580,2497,2492,2385,2478,2515,2319,2465,2545,2568,2519,2582,2573,2557,2666,2505,2589,2586,2604,2538,2626,2601,2579,2597,2663,2648,2713,2674,2701,2578,2654,2542,2619,2590,2509,2682,2646,2633,2524,2696,2524,2658,2625,2608,2604,2633,2681,2512,2672,2683,2490,2623,2573,2743,2590,2561,2764,2574,2628,2610,2580,2566,2469,2645,2548,2647,2641,2553,2506,2522,2665,2574,2716,2661,
154,115,129,102,87,145,163,103,157,51,91,142,173,142,159,158,160,88,179,135,133,96,101,119,159,173,132,120,90,104,118,163,125,129,118,147,119,156,131,72,111,144,133,149,135,120,150,325,1161,2521,2540,2599,2749,2595,2666,2591,2454,2513,2562,2332,2008,2030,2122,2485,2389,2408,2441,2722,2596,2521,2642,2561,2688,2606,2605,2611,2426,2687,2460,2682,2700,2640,2596,2630,2553,2596,2690,2638,2593,2576,2674,2734,2691,2666,2670,2533,2599,2557,2522,2724,2661,2708,2711,2636,2738,2657,2662,2586,2669,2620,2700,2715,2547,2580,2675,2604,2637,2640,2704,2426,2525,2680,2682,2546,2611,2598,2578,2584,
138,141,125,124,108,160,131,98,127,156,94,146,155,110,131,104,149,110,79,146,144,119,117,100,132,95,108,115,145,147,152,110,121,142,172,113,112,164,146,143,126,149,199,172,120,149,163,588,2277,2569,2709,2514,2618,2566,2661,2555,2631,2686,2565,2382,2488,2479,2451,2233,2170,2086,2024,2153,2503,2486,2601,2554,2639,2417,2709,2485,2554,2631,2522,2548,2601,2654,2681,2563,2495,2645,2678,2546,2561,2792,2627,2667,2651,2615,2523,2577,2529,2569,2586,2652,2672,2581,2568,2627,2685,2637,2580,2548,2622,2674,2632,2504,2452,2548,2565,2625,2672,2665,2481,2646,2598,2636,2795,2445,2645,2620,2392,2630,
142,119,109,101,118,131,155,144,136,154,170,111,109,138,143,147,94,68,159,188,153,124,145,101,140,144,131,102,102,92,147,153,70,111,137,160,136,150,109,151,99,103,155,126,129,163,233,1412,2643,2649,2602,2500,2556,2618,2607,2661,2595,2618,2607,2318,2435,2634,2649,2626,2519,2650,2483,2363,2108,2058,2359,2616,2667,2602,2609,2622,2617,2415,2622,2571,2487,2662,2668,2492,2625,2648,2460,2705,2658,2509,2565,2684,2612,2544,2538,2673,2643,2590,2581,2510,2642,2597,2650,2665,2737,2685,2633,2639,2389,2533,2691,2726,2526,2547,2650,2352,2732,2673,2601,2675,2552,2570,2609,2521,2641,2559,2583,2641,
151,116,111,70,141,142,140,99,95,159,140,105,137,149,80,188,178,178,133,110,143,149,106,110,121,142,113,127,122,152,148,149,152,148,167,131,152,156,155,142,159,179,139,152,200,210,555,2067,2698,2489,2592,2612,2639,2600,2679,2522,2608,2614,2595,2228,2545,2629,2806,2554,2616,2679,2526,2462,2597,2403,2199,2183,2237,2499,2511,2633,2614,2757,2589,2571,2765,2567,2633,2543,2438,2674,2628,2525,2702,2555,2589,2677,2813,2513,2672,2639,2727,2584,2579,2645,2667,2631,2745,2675,2499,2619,2638,2650,2526,2755,2631,2639,2572,2586,2594,2472,2789,2515,2637,2687,2584,2536,2654,2631,2622,2509,2649,2565,
158,110,166,128,144,159,129,153,148,120,155,126,147,148,141,125,105,101,126,158,169,153,161,100,110,142,150,110,163,129,152,82,152,152,148,114,127,183,149,119,111,132,91,120,143,264,1475,2463,2687,2631,2528,2618,2567,2667,2563,2581,2667,2686,2551,2428,2607,2477,2688,2603,2530,2533,2698,2608,2661,2497,2648,2211,2107,2332,2494,2568,2744,2578,2605,2555,2568,2619,2774,2486,2719,2724,2658,2669,2659,2624,2666,2607,2646,2634,2632,2595,2595,2469,2628,2643,2738,2691,2570,2580,2601,2662,2720,2529,2547,2354,2697,2618,2564,2620,2647,2509,2602,2635,2470,2565,2661,2681,2485,2681,2661,2649,2619,2521,
121,150,121,114,142,157,134,103,108,108,142,116,120,122,84,191,135,108,158,80,133,117,145,141,181,108,110,183,123,114,131,155,147,109,145,152,98,138,138,120,81,159,126,153,172,463,2253,2499,2544,2605,2581,2799,2586,2560,2610,2528,2525,2582,2353,2608,2598,2544,2462,2558,2648,2554,2630,2466,2656,2536,2513,2541,2508,2141,2345,2564,2593,2389,2523,2602,2517,2584,2597,2572,2777,2629,2626,2711,2677,2545,2463,2556,2537,2506,2710,2809,2687,2606,2654,2596,2563,2582,2754,2395,2658,2728,2690,2556,2705,2603,2595,2451,2662,2526,2614,2589,2526,2542,2486,2527,2520,2595,2545,2521,2577,2652,2602,2520,
127,145,167,144,152,122,164,132,144,109,117,120,149,135,169,116,112,88,118,117,141,99,153,119,184,134,150,140,127,131,141,139,147,145,144,150,111,153,137,137,144,187,148,164,169,1029,2565,2511,2584,2527,2582,2655,2547,2571,2616,2631,2675,2499,2281,2725,2555,2794,2528,2616,2674,2619,2748,2679,2757,2669,2520,2538,2545,2370,2019,2378,2536,2609,2549,2545,2718,2683,2650,2585,2620,2778,2669,2528,2581,2691,2763,2533,2649,2584,2625,2592,2537,2595,2788,2659,2517,2550,2564,2578,2667,2521,2648,2823,2624,2568,2516,2769,2615,2732,2667,2571,2547,2602,2565,2544,2612,2693,2457,2623,2681,2605,2599,2585,
143,168,109,107,136,138,155,63,165,107,86,112,160,125,185,87,131,164,132,79,111,149,109,151,137,148,107,96,125,139,108,97,153,147,145,111,138,131,137,118,80,167,150,127,438,1997,2709,2484,2562,2594,2435,2586,2585,2615,2538,2556,2594,2603,2402,2628,2516,2544,2529,2570,2570,2692,2460,2593,2593,2697,2607,2697,2675,2700,2484,2271,2438,2648,2652,2627,2726,2694,2679,2560,2500,2573,2727,2454,2464,2773,2737,2489,2626,2542,2646,2716,2711,2502,2546,2652,2646,2729,2654,2750,2679,2483,2707,2665,2597,2570,2794,2509,2467,2536,2763,2638,2613,2587,2584,2684,2615,2631,2737,2632,2603,2797,2558,2614,
