2566,2701,2675,2605,2687,2650,2588,2642,2668,2712,2640,2712,2718,2647,2745,2651,2668,2665,2626,2716,2633,2714,2756,2659,2705,2680,2555,2727,2638,2625,2691,2683,2744,2702,2790,2594,2795,2749,2739,2609,2556,2567,2757,2666,2678,2680,2640,2644,2758,2650,2689,2592,2672,2701,2676,2710,2672,2614,2703,2633,2688,2551,2618,2595,2757,2694,2708,2660,2755,2778,2587,2657,2635,2705,2698,2591,2789,2743,2172,2595,2150,1818,1815,1734,1685,1643,1610,1746,1656,1651,1616,1776,1609,1501,1754,1683,1746,1589,1716,1626,1638,1643,1589,1577,1629,1660,1719,1594,1751,1572,1576,1616,1624,1683,1675,1656,1683,1665,1648,1768,854,1008,1422,1389,1355,1295,1360,1518,
2729,2789,2666,2657,2668,2706,2579,2718,2630,2718,2690,2607,2564,2714,2696,2747,2637,2792,2731,2712,2625,2637,2566,2763,2686,2750,2542,2621,2751,2757,2701,2661,2622,2622,2722,2668,2798,2536,2576,2696,2853,2736,2768,2657,2624,2631,2566,2714,2778,2718,2652,2628,2628,2704,2727,2604,2687,2743,2559,2735,2611,2622,2813,2628,2605,2732,2624,2782,2653,2757,2816,2675,2682,2715,2831,2612,2559,2656,2400,2493,1938,1768,1645,1687,1676,1725,1748,1699,1652,1651,1680,1642,1622,1616,1666,1641,1684,1696,1635,1655,1668,1620,1647,1713,1695,1651,1677,1695,1590,1576,1708,1632,1541,1625,1674,1706,1678,1687,1883,863,1249,1502,1410,1364,1370,1374,1365,1334,
2690,2623,2608,2676,2737,2586,2637,2704,2662,2646,2666,2732,2693,2623,2799,2689,2581,2668,2688,2731,2603,2618,2569,2660,2699,2723,2666,2644,2565,2737,2696,2736,2668,2661,2652,2592,2783,2698,2551,2695,2614,2611,2606,2623,2688,2608,2644,2736,2695,2679,2672,2638,2554,2679,2669,2774,2773,2646,2611,2712,2627,2696,2698,2700,2649,2702,2637,2718,2654,2648,2555,2647,2605,2649,2601,2781,2641,2657,2326,1940,1778,1781,1664,1591,1672,1720,1652,1620,1587,1676,1632,1565,1654,1564,1687,1685,1652,1628,1643,1615,1699,1685,1626,1679,1604,1631,1562,1685,1609,1749,1701,1652,1722,1631,1683,1658,1663,1765,727,907,1439,1420,1380,1273,1340,1371,1299,1302,
2621,2735,2789,2661,2783,2785,2591,2763,2704,2673,2702,2671,2755,2693,2691,2783,2623,2662,2746,2656,2816,2657,2630,2694,2678,2648,2672,2695,2566,2719,2572,2696,2777,2681,2668,2634,2587,2713,2816,2582,2611,2805,2736,2650,2751,2616,2695,2737,2700,2655,2732,2693,2827,2683,2684,2671,2695,2747,2717,2731,2720,2637,2798,2844,2598,2668,2729,2670,2600,2828,2685,2707,2770,2712,2599,2712,2583,2660,2113,1788,1797,1737,1802,1620,1640,1639,1688,1690,1680,1655,1541,1612,1680,1591,1635,1653,1565,1671,1632,1653,1639,1653,1748,1629,1679,1634,1579,1528,1642,1590,1675,1669,1661,1558,1668,1618,1712,998,847,1404,1375,1372,1374,1350,1410,1390,1303,1380,
2628,2526,2638,2667,2833,2597,2569,2642,2746,2687,2715,2664,2642,2732,2579,2770,2725,2694,2645,2621,2666,2704,2744,2592,2717,2678,2659,2661,2610,2728,2708,2738,2640,2604,2718,2639,2679,2657,2592,2680,2713,2796,2861,2695,2575,2648,2699,2668,2641,2625,2674,2625,2650,2671,2760,2744,2724,2619,2604,2635,2727,2717,2769,2712,2590,2730,2663,2751,2594,2663,2600,2612,2659,2609,2488,2634,2662,1473,1806,1771,1680,1753,1630,1684,1629,1707,1551,1684,1642,1717,1665,1587,1733,1708,1539,1561,1650,1533,1608,1606,1662,1705,1624,1589,1590,1582,1603,1646,1601,1574,1716,1738,1678,1561,1662,1841,1114,876,1420,1329,1309,1334,1402,1308,1325,1300,1488,1322,
2701,2691,2694,2743,2777,2756,2643,2650,2612,2609,2575,2648,2699,2655,2697,2697,2695,2757,2651,2637,2670,2700,2626,2614,2660,2670,2678,2812,2543,2756,2716,2661,2698,2775,2669,2592,2782,2569,2595,2575,2683,2674,2696,2805,2817,2693,2659,2750,2719,2758,2674,2696,2650,2642,2639,2691,2693,2705,2699,2656,2700,2586,2744,2661,2641,2635,2569,2845,2717,2760,2633,2637,2677,2720,2686,2699,2353,2045,1663,1701,1677,1646,1620,1616,1646,1641,1712,1682,1588,1628,1615,1653,1582,1586,1674,1629,1646,1655,1679,1619,1675,1600,1672,1584,1646,1641,1680,1696,1647,1590,1611,1699,1704,1604,1831,1547,789,1364,1494,1377,1405,1390,1402,1425,1245,1395,1413,1309,
2752,2691,2609,2651,2718,2602,2668,2623,2647,2719,2670,2534,2596,2675,2585,2688,2618,2647,2673,2669,2632,2804,2713,2630,2620,2614,2638,2681,2741,2789,2658,2649,2698,2699,2625,2579,2634,2495,2660,2593,2684,2760,2694,2716,2658,2814,2769,2732,2663,2638,2730,2710,2678,2775,2629,2619,2671,2640,2749,2596,2673,2672,2634,2707,2672,2797,2689,2624,2716,2706,2776,2717,2696,2692,2652,2458,1855,1828,1672,1658,1808,1654,1657,1658,1632,1714,1710,1693,1523,1672,1727,1588,1800,1599,1659,1728,1654,1564,1719,1702,1541,1632,1569,1618,1625,1644,1690,1703,1741,1675,1647,1607,1667,1775,1800,926,1517,1349,1365,1325,1413,1307,1285,1377,1363,1271,1403,1228,
2615,2810,2795,2648,2563,2598,2663,2511,2710,2646,2603,2601,2665,2763,2684,2782,2713,2717,2714,2636,2677,2629,2715,2618,2693,2664,2683,2668,2678,2704,2634,2609,2742,2723,2670,2821,2672,2631,2708,2699,2674,2679,2752,2591,2684,2693,2735,2690,2628,2750,2734,2665,2642,2682,2685,2727,2581,2702,2734,2622,2651,2637,2563,2691,2744,2717,2667,2683,2644,2632,2659,2634,2597,2659,2644,1864,1923,1804,1681,1520,1620,1643,1587,1722,1680,1704,1703,1637,1692,1727,1643,1669,1682,1657,1606,1603,1638,1707,1750,1606,1620,1779,1581,1624,1584,1605,1651,1664,1598,1678,1650,1667,1707,1921,727,1549,1393,1259,1249,1240,1340,1379,1334,1256,1234,1484,1397,1387,
2664,2869,2659,2615,2800,2672,2675,2692,2567,2663,2711,2649,2764,2631,2624,2717,2610,2733,2753,2728,2612,2618,2708,2711,2584,2661,2601,2575,2689,2627,2693,2561,2680,2582,2778,2669,2642,2800,2660,2649,2786,2546,2750,2710,2667,2789,2675,2707,2664,2677,2691,2594,2671,2674,2734,2818,2653,2595,2655,2718,2719,2653,2594,2652,2789,2678,2641,2622,2626,2658,2751,2646,2706,2764,2327,2020,1694,1624,1634,1618,1632,1662,1670,1753,1671,1595,1613,1555,1572,1728,1681,1599,1683,1673,1619,1699,1664,1681,1591,1574,1653,1686,1626,1650,1600,1561,1745,1647,1657,1662,1747,1695,1932,798,1698,1314,1400,1329,1210,1241,1292,1306,1369,1319,1455,1365,1439,1367,
2598,2704,2681,2663,2605,2699,2632,2820,2693,2741,2744,2766,2683,2580,2732,2677,2634,2672,2598,2664,2643,2701,2740,2638,2737,2665,2655,2744,2695,2625,2660,2732,2715,2668,2654,2696,2641,2672,2619,2703,2844,2645,2697,2556,2755,2686,2693,2701,2659,2670,2742,2588,2821,2852,2676,2685,2708,2726,2728,2662,2639,2640,2664,2559,2665,2694,2668,2708,2705,2594,2701,2622,2623,2547,1387,1769,1708,1732,1717,1668,1660,1690,1594,1611,1666,1600,1626,1609,1603,1716,1664,1513,1732,1664,1618,1622,1704,1602,1648,1732,1671,1606,1665,1656,1688,1679,1639,1572,1695,1539,1671,1668,1308,1153,1471,1285,1253,1312,1309,1390,1307,1315,1414,1314,1341,1379,1432,1363,
2663,2744,2690,2610,2768,2752,2740,2631,2654,2693,2758,2777,2691,2668,2625,2630,2638,2613,2566,2607,2724,2668,2729,2533,2661,2781,2578,2652,2664,2744,2753,2611,2648,2722,2660,2852,2691,2747,2634,2675,2608,2597,2719,2600,2730,2725,2829,2638,2649,2770,2660,2608,2711,2659,2683,2623,2676,2648,2804,2687,2731,2674,2646,2696,2794,2621,2765,2568,2684,1943,2665,2632,2760,2119,1879,1628,1623,1660,1608,1641,1643,1613,1631,1681,1582,1661,1601,1694,1702,1681,1606,1555,1814,1632,1704,1528,1691,1674,1578,1583,1665,1737,1645,1738,1675,1686,1662,1712,1653,1744,1651,1959,963,1542,1472,1334,1295,1326,1391,1381,1254,1388,1342,1315,1403,1331,1419,1327,
2785,2626,2670,2778,2679,2716,2697,2638,2588,2792,2770,2717,2694,2708,2632,2632,2695,2645,2605,2650,2759,2749,2685,2668,2576,2698,2577,2663,2802,2601,2824,2749,2651,2605,2756,2646,2656,2660,2807,2688,2690,2541,2623,2660,2616,2733,2799,2745,2779,2643,2634,2686,2788,2798,2503,2632,2666,2780,2628,2884,2622,2758,2622,2759,2637,2773,2644,2663,2565,2718,2714,2682,2474,1911,1830,1608,1628,1689,1744,1612,1650,1628,1637,1642,1688,1715,1654,1664,1702,1654,1695,1739,1621,1734,1578,1598,1598,1671,1753,1642,1603,1521,1608,1520,1715,1562,1625,1710,1684,1524,1831,941,1717,1353,1315,1260,1428,1308,1337,1328,1291,1311,1445,1381,1321,1450,1381,1337,
2761,2649,2763,2703,2741,2687,2622,2745,2672,2633,2666,2736,2609,2792,2669,2804,2595,2663,2630,2740,2727,2769,2789,2675,2737,2621,2723,2564,2644,2647,2602,2737,2604,2711,2700,2769,2745,2723,2619,2655,2796,2682,2662,2706,2780,2619,2593,2618,2711,2697,2639,2773,2714,2831,2678,2669,2705,2628,2671,2739,2626,2603,2767,2626,2663,2669,2664,2707,2639,2669,2806,2709,2129,1836,1627,1688,1632,1604,1689,1703,1684,1738,1702,1686,1692,1586,1735,1710,1623,1665,1570,1656,1639,1694,1611,1621,1556,1684,1584,1682,1503,1618,1598,1646,1571,1626,1794,1663,1633,1639,1801,952,1475,1243,1246,1349,1273,1287,1319,1305,1300,1344,1290,1303,1359,1427,1394,1315,
2575,2598,2694,2722,2573,2693,2650,2690,2621,2758,2613,2722,2690,2787,2653,2701,2635,2646,2744,2637,2693,2646,2760,2772,2630,2632,2646,2663,2663,2754,2705,2748,2760,2724,2707,2722,2728,2650,2783,2712,2659,2656,2689,2571,2659,2698,2717,2622,2587,2668,2590,2751,2688,2675,2763,2615,2748,2677,2674,2627,2626,2641,2820,2788,2671,2685,2794,2752,2703,2674,2773,2546,2117,1719,1516,1656,1723,1695,1735,1659,1691,1608,1604,1588,1641,1619,1671,1573,1699,1743,1635,1629,1649,1641,1698,1609,1529,1588,1647,1597,1543,1586,1576,1655,1678,1694,1689,1575,1764,1846,802,1546,1401,1376,1184,1273,1206,1301,1372,1417,1333,1405,1416,1388,1345,1247,1443,1387,
2674,2646,2721,2748,2580,2647,2731,2795,2683,2540,2614,2653,2566,2561,2779,2734,2790,2749,2773,2619,2651,2686,2613,2698,2723,2687,2620,2753,2706,2712,2713,2706,2570,2809,2773,2650,2687,2618,2783,2789,2595,2674,2732,2637,2683,2611,2641,2665,2679,2657,2789,2691,2660,2765,2639,2691,2715,2668,2666,2733,2681,2629,2664,2686,2770,2699,2791,2710,2819,2703,2615,2141,1953,1769,1792,1623,1630,1657,1650,1717,1641,1664,1668,1649,1569,1600,1708,1643,1610,1717,1651,1608,1692,1543,1670,1659,1720,1693,1667,1522,1605,1602,1697,1696,1600,1580,1635,1666,1686,1810,1429,1438,1423,1324,1221,1320,1211,1266,1388,1341,1383,1416,1315,1286,1401,1336,1420,1341,
2638,2660,2600,2472,2633,2742,2626,2769,2604,2627,2604,2809,2696,2700,2653,2650,2725,2644,2789,2653,2568,2731,2673,2742,2613,2695,2685,2627,2771,2734,2692,2663,2684,2778,2594,2702,2612,2795,2698,2748,2723,2662,2650,2687,2561,2797,2662,2713,2618,2682,2750,2615,2727,2844,2754,2650,2697,2583,2762,2644,2735,2604,2652,2768,2699,2684,2634,2696,2665,2792,2615,2039,1844,1746,1582,1745,1730,1695,1641,1592,1634,1708,1693,1622,1617,1641,1728,1770,1729,1681,1495,1618,1762,1601,1626,1732,1712,1566,1650,1572,1606,1699,1662,1708,1636,1593,1635,1660,1737,1805,1445,1411,1381,1315,1362,1302,1338,1352,1330,1336,1353,1346,1406,1316,1381,1394,1460,1385,
2639,2584,2679,2761,2614,2664,2772,2576,2793,2643,2682,2649,2641,2757,2715,2778,2620,2501,2602,2736,2645,2624,2650,2581,2679,2665,2642,2662,2598,2729,2740,2739,2754,2670,2667,2601,2694,2717,2699,2719,2733,2798,2773,2722,2605,2677,2666,2782,2682,2729,2780,2645,2686,2618,2717,2762,2639,2751,2633,2717,2721,2773,2767,2702,2711,2826,2628,2639,2664,2856,2551,1859,1717,1710,1645,1753,1612,1667,1792,1583,1725,1626,1643,1688,1678,1681,1715,1579,1701,1671,1674,1614,1614,1704,1551,1767,1573,1635,1682,1600,1584,1552,1652,1783,1684,1601,1692,1729,1704,1008,1486,1339,1235,1431,1337,1344,1380,1303,1356,1418,1366,1328,1339,1312,1469,1403,1431,1373,
2676,2607,2579,2770,2771,2695,2583,2595,2571,2701,2724,2688,2713,2688,2662,2674,2634,2680,2620,2688,2749,2645,2766,2694,2647,2706,2873,2667,2684,2558,2661,2651,2653,2563,2636,2769,2717,2701,2724,2644,2672,2706,2663,2746,2640,2730,2753,2718,2591,2640,2641,2614,2790,2683,2710,2752,2705,2695,2631,2678,2560,2681,2761,2666,2712,2806,2662,2791,2679,2656,2122,1758,1711,1618,1629,1605,1575,1591,1619,1733,1672,1556,1704,1625,1728,1647,1721,1630,1570,1676,1604,1680,1653,1661,1648,1553,1664,1720,1568,1621,1714,1649,1621,1642,1647,1656,1557,1566,1765,1286,1320,1467,1364,1395,1337,1440,1373,1305,1355,1346,1384,1306,1340,1329,1323,1391,1296,1307,
2660,2692,2715,2714,2670,2777,2819,2797,2727,2682,2697,2594,2638,2734,2834,2614,2746,2652,2685,2635,2614,2627,2658,2722,2687,2703,2705,2601,2704,2663,2653,2708,2571,2640,2579,2688,2688,2671,2762,2795,2797,2657,2733,2659,2654,2620,2706,2633,2552,2727,2707,2730,2723,2610,2649,2607,2633,2727,2680,2608,2661,2688,2626,2621,2657,2788,2688,2601,2697,2638,2045,1715,1760,1625,1623,1592,1598,1651,1690,1678,1599,1614,1637,1652,1596,1603,1663,1681,1660,1760,1727,1700,1631,1620,1708,1509,1573,1646,1664,1755,1629,1776,1561,1637,1654,1644,1649,1865,1950,1541,1371,1349,1416,1236,1281,1370,1375,1320,1316,1343,1389,1300,1379,1353,1359,1360,1374,1356,
2643,2785,2680,2716,2591,2611,2605,2718,2623,2736,2686,2761,2647,2678,2729,2679,2636,2618,2605,2658,2711,2691,2608,2669,2711,2609,2633,2668,2678,2644,2723,2583,2680,2633,2720,2779,2765,2749,2670,2592,2685,2738,2702,2769,2649,2714,2769,2622,2639,2709,2684,2749,2736,2638,2663,2712,2809,2628,2713,2718,2600,2724,2707,2695,2698,2682,2639,2663,2631,2490,1880,1722,1685,1689,1685,1703,1655,1649,1738,1688,1551,1664,1654,1623,1611,1580,1685,1646,1602,1630,1692,1603,1639,1697,1653,1657,1663,1669,1687,1605,1669,1638,1711,1672,1658,1710,1817,1865,1102,1398,1205,1294,1316,1308,1347,1374,1376,1389,1352,1414,1350,1352,1416,1399,1268,1379,1399,1320,
2770,2680,2713,2691,2524,2659,2678,2669,2702,2655,2726,2676,2794,2748,2708,2689,2812,2705,2710,2712,2573,2612,2611,2625,2707,2730,2636,2582,2612,2701,2695,2704,2698,2708,2795,2816,2636,2776,2636,2693,2715,2759,2825,2703,2629,2592,2751,2777,2697,2610,2643,2613,2668,2591,2664,2513,2745,2754,2658,2631,2780,2671,2489,2699,2685,2766,2733,2681,2558,2302,1967,1781,1665,1705,1719,1720,1762,1688,1701,1608,1648,1657,1491,1545,1622,1575,1684,1623,1596,1660,1648,1619,1628,1586,1632,1651,1712,1694,1609,1722,1702,1636,1642,1852,1853,1855,1899,1187,1368,1457,1316,1334,1410,1275,1200,1156,1394,1391,1394,1363,1312,1436,1399,1439,1402,1408,1374,1390,
2687,2750,2750,2694,2685,2721,2747,2741,2648,2664,2723,2813,2687,2637,2771,2774,2676,2707,2666,2669,2665,2603,2644,2664,2662,2658,2730,2780,2760,2741,2665,2676,2713,2669,2717,2778,2695,2770,2625,2633,2705,2608,2694,2697,2739,2669,2702,2701,2720,2696,2750,2731,2592,2779,2765,2684,2575,2743,2722,2678,2538,2634,2674,2648,2728,2717,2699,2670,2770,2000,1793,1793,1622,1591,1692,1657,1691,1709,1651,1688,1581,1660,1668,1699,1655,1683,1679,1795,1703,1681,1714,1717,1709,1790,1747,1809,1758,1769,1830,1867,1883,1778,1751,1651,1250,1038,1138,1486,1341,1361,1336,1384,1296,1290,1138,1190,1273,1346,1197,1306,1444,1465,1326,1441,1393,1388,1411,1336,
2752,2769,2705,2690,2671,2713,2752,2684,2690,2561,2744,2652,2732,2674,2675,2734,2743,2674,2673,2690,2743,2650,2617,2753,2694,2691,2693,2593,2733,2523,2645,2798,2628,2748,2659,2592,2647,2710,2733,2559,2649,2676,2743,2781,2673,2832,2737,2668,2689,2748,2580,2725,2605,2685,2742,2729,2663,2652,2576,2801,2542,2746,2653,2702,2799,2731,2693,2674,2346,1981,1712,1642,1645,1713,1651,1698,1700,1793,1678,1780,1750,1738,1893,1735,1789,1905,1767,1745,1902,1827,1845,1807,1808,1630,1389,1468,1462,1359,1500,1358,1364,1363,1314,1409,1345,1379,1407,1402,1356,1358,1316,1338,1312,1356,1121,1190,1417,1379,1254,1379,1351,1296,1275,1403,1402,1490,1407,1372,
2693,2653,2722,2751,2617,2683,2681,2634,2696,2597,2656,2663,2727,2752,2718,2639,2735,2608,2782,2678,2608,2720,2693,2701,2706,2646,2690,2610,2710,2723,2608,2458,2785,2633,2608,2558,2728,2686,2689,2671,2657,2584,2677,2665,2689,2648,2604,2682,2709,2600,2690,2720,2674,2709,2643,2655,2709,2717,2607,2496,2765,2688,2690,2689,2783,2701,2687,2541,1495,2084,1987,1766,1840,1718,1899,1830,1842,1889,2020,1985,1802,1863,1568,1452,1282,1288,1466,1393,1487,1419,1544,1428,1375,1359,1498,1392,1390,1463,1333,1353,1434,1363,1349,1356,1379,1347,1313,1211,1182,1210,1334,1389,1321,1343,1353,1248,1299,1363,1346,1327,1359,1367,1416,1497,1416,1366,1214,1314,
2632,2784,2596,2699,2772,2740,2614,2635,2599,2682,2606,2703,2634,2739,2645,2702,2597,2683,2671,2662,2657,2674,2506,2784,2709,2549,2699,2686,2592,2709,2666,2668,2617,2742,2686,2601,2751,2640,2533,2629,2687,2782,2688,2697,2708,2741,2716,2716,2832,2766,2638,2650,2616,2760,2678,2731,2673,2734,2501,2583,2591,2744,2670,2618,2787,2688,2579,1307,1377,1238,1677,1600,1614,1192,1025,1096,1265,1368,1210,1366,1553,1458,1418,1343,1487,1323,1254,1384,1339,1383,1355,1425,1306,1348,1321,1383,1387,1301,1337,1297,1325,1367,1329,1311,1361,1341,1372,1390,1333,1319,1352,1385,1379,1385,1411,1367,1361,1348,1326,1275,1307,1362,1426,1248,1392,1290,1408,1419,
2806,2729,2704,2614,2718,2754,2629,2674,2766,2669,2759,2693,2529,2621,2770,2739,2755,2650,2742,2671,2632,2788,2617,2695,2746,2704,2667,2714,2812,2566,2650,2670,2684,2815,2764,2677,2634,2677,2619,2617,2673,2733,2668,2659,2645,2679,2714,2627,2693,2682,2772,2654,2630,2533,2547,2745,2554,2506,2542,2782,2689,2611,2591,2635,2645,2619,1260,1453,1589,1399,1349,1313,1478,1400,1344,1382,1276,1440,1446,1304,1392,1342,1356,1443,1355,1281,1261,1342,1314,1342,1363,1393,1397,1382,1431,1263,1347,1367,1333,1377,1316,1305,1378,1338,1287,1348,1302,1353,1336,1286,1308,1344,1321,1373,1473,1317,1272,1396,1349,1339,1291,1330,1315,1315,1411,1352,1341,1299,
2651,2632,2702,2658,2735,2689,2698,2652,2587,2653,2710,2715,2752,2612,2847,2589,2734,2556,2625,2658,2742,2635,2772,2630,2687,2660,2690,2693,2745,2642,2765,2559,2750,2668,2700,2745,2600,2724,2729,2637,2746,2651,2778,2718,2844,2664,2677,2731,2692,2714,2580,2718,2748,2712,2669,2761,2473,2595,2685,2694,2735,2712,2688,2619,2729,1272,1381,1457,1451,1375,1387,1323,1273,1384,1330,1378,1281,1307,1361,1341,1296,1355,1411,1364,1326,1436,1332,1365,1352,1328,1366,1321,1330,1432,1338,1377,1415,1404,1368,1386,1277,1344,1343,1416,1335,1359,1335,1387,1301,1117,1299,1388,1353,1419,1333,1364,1361,1378,1373,1338,1336,1386,1361,1367,1300,1304,1335,1291,
2711,2731,2624,2735,2723,2766,2762,2723,2719,2703,2663,2796,2826,2602,2693,2822,2613,2576,2737,2654,2653,2532,2746,2662,2878,2742,2672,2659,2670,2569,2825,2723,2780,2759,2557,2681,2759,2618,2746,2738,2754,2722,2727,2564,2656,2600,2587,2764,2797,2693,2745,2665,2784,2550,2602,2494,2756,2641,2700,2742,2624,2742,2655,2729,1233,1473,1501,1466,1485,1426,1405,1376,1406,1351,1422,1324,1371,1363,1438,1382,1385,1294,1319,1400,1292,1376,1436,1297,1352,1403,1466,1288,1387,1351,1427,1321,1357,1379,1375,1392,1376,1343,1355,1422,1257,1361,1372,1344,1372,1150,1312,1284,1298,1391,1370,1448,1349,1339,1318,1364,1342,1433,1364,1452,1343,1385,1283,1367,
2601,2693,2667,2566,2579,2723,2608,2597,2659,2618,2779,2642,2750,2611,2705,2592,2642,2797,2682,2716,2618,2624,2680,2541,2741,2603,2754,2720,2760,2725,2728,2626,2670,2701,2608,2714,2648,2646,2666,2729,2721,2627,2616,2657,2690,2690,2686,2647,2766,2592,2691,2639,2554,2702,2597,2621,2654,2661,2636,2614,2736,2765,2641,1439,1500,1494,1433,1378,1465,1359,1318,1338,1390,1276,1360,1423,1354,1372,1329,1356,1386,1416,1400,1454,1318,1395,1318,1410,1329,1300,1307,1315,1396,1356,1345,1367,1384,1272,1330,1361,1390,1382,1277,1421,1265,1355,1409,1405,1300,1249,1326,1293,1308,1404,1280,1306,1285,1369,1326,1325,1322,1320,1361,1251,1303,1362,1313,1279,
2626,2684,2564,2626,2613,2627,2722,2707,2602,2803,2589,2765,2691,2779,2724,2735,2686,2801,2640,2731,2737,2674,2625,2783,2634,2698,2666,2693,2646,2702,2645,2796,2798,2565,2709,2707,2651,2623,2612,2660,2676,2673,2754,2683,2716,2658,2660,2740,2721,2673,2641,2567,2657,2624,2699,2691,2636,2663,2694,2613,2673,2851,2414,1363,1608,1341,1327,1345,1363,1409,1337,1384,1471,1346,1358,1362,1352,1426,1344,1392,1260,1372,1411,1334,1410,1340,1322,1413,1465,1376,1389,1321,1350,1438,1400,1382,1406,1366,1311,1406,1324,1293,1325,1355,1408,1317,1339,1395,1317,1494,1424,1333,1377,1378,1325,1425,1357,1234,1336,1307,1387,1334,1266,1281,1416,1362,1402,1319,
2672,2535,2736,2758,2678,2704,2637,2646,2732,2709,2676,2785,2624,2737,2579,2819,2765,2665,2708,2712,2680,2759,2724,2802,2612,2726,2696,2615,2637,2757,2721,2822,2606,2609,2643,2652,2543,2722,2804,2724,2698,2681,2760,2609,2619,2761,2640,2586,2563,2760,2649,2675,2684,2528,2727,2594,2596,2773,2680,2599,2620,2642,1278,1773,1437,1376,1388,1372,1323,1374,1376,1362,1352,1390,1408,1303,1375,1370,1367,1312,1332,1388,1304,1403,1341,1424,1363,1308,1335,1326,1402,1362,1335,1361,1407,1421,1369,1454,1374,1411,1316,1347,1407,1325,1357,1367,1504,1409,1391,1393,1407,1376,1387,1393,1352,1376,1351,1384,1316,1383,1329,1335,1435,1417,1360,1326,1420,1345,
2698,2624,2697,2602,2678,2719,2711,2644,2722,2748,2734,2841,2727,2682,2754,2655,2735,2798,2725,2699,2702,2667,2665,2691,2706,2619,2741,2746,2649,2711,2617,2715,2492,2504,2595,2720,2870,2685,2665,2639,2612,2710,2719,2672,2761,2692,2887,2734,2637,2619,2628,2714,2550,2669,2633,2727,2600,2649,2774,2644,2679,1335,1574,1529,1387,1321,1395,1420,1385,1354,1369,1368,1351,1315,1269,1431,1271,1427,1404,1459,1353,1361,1451,1462,1340,1380,1342,1385,1376,1457,1427,1414,1434,1325,1336,1392,1338,1329,1382,1405,1415,1371,1358,1350,1262,1412,1378,1362,1263,1317,1363,1356,1359,1407,1346,1329,1434,1329,1490,1346,1426,1388,1417,1354,1339,1328,1375,1358,
2761,2813,2684,2666,2744,2594,2661,2572,2616,2657,2745,2679,2619,2719,2747,2696,2662,2722,2687,2590,2626,2662,2627,2803,2614,2559,2575,2745,2718,2753,2612,2641,2655,2738,2703,2735,2644,2664,2605,2678,2549,2671,2720,2727,2613,2617,2645,2628,2771,2665,2638,2719,2704,2672,2631,2643,2593,2693,2765,2617,2125,1383,1502,1395,1361,1432,1376,1389,1287,1420,1324,1386,1444,1360,1375,1415,1356,1401,1330,1268,1288,1353,1375,1412,1325,1401,1367,1357,1328,1366,1402,1380,1403,1374,1282,1426,1463,1368,1465,1305,1326,1354,1355,1428,1385,1334,1361,1344,1352,1335,1418,1358,1354,1351,1430,1386,1408,1388,1399,1389,1277,1426,1291,1403,1312,1392,1306,1389,
2673,2735,2737,2606,2744,2683,2696,2775,2604,2668,2838,2587,2768,2647,2773,2750,2679,2732,2739,2670,2697,2689,2632,2547,2710,2840,2653,2736,2633,2639,2711,2754,2747,2709,2624,2681,2662,2705,2684,2706,2724,2758,2636,2556,2600,2686,2652,2795,2688,2729,2720,2571,2766,2697,2664,2597,2672,2616,2650,2537,1359,1444,1449,1362,1388,1414,1276,1378,1417,1467,1325,1343,1451,1388,1281,1311,1368,1391,1305,1358,1361,1388,1408,1379,1369,1442,1392,1257,1314,1298,1325,1419,1354,1328,1355,1320,1432,1399,1318,1388,1368,1427,1406,1407,1321,1437,1456,1369,1313,1383,1359,1356,1378,1346,1390,1370,1264,1315,1379,1371,1389,1387,1321,1414,1408,1376,1363,1379,
2608,2618,2735,2752,2682,2643,2640,2740,2653,2657,2762,2573,2614,2567,2734,2745,2607,2643,2628,2662,2682,2631,2713,2760,2765,2672,2695,2595,2697,2629,2709,2684,2725,2739,2636,2653,2738,2606,2710,2714,2672,2608,2792,2662,2600,2737,2788,2737,2780,2755,2597,2702,2713,2740,2630,2574,2641,2715,2622,1411,1605,1423,1432,1333,1479,1320,1334,1259,1394,1295,1280,1341,1376,1361,1340,1370,1403,1330,1352,1330,1393,1405,1334,1341,1347,1322,1375,1286,1409,1311,1377,1405,1371,1291,1393,1398,1307,1414,1325,1385,1356,1327,1418,1336,1382,1335,1363,1391,1414,1349,1423,1314,1391,1385,1335,1398,1358,1355,1350,1357,1389,1457,1320,1356,1338,1362,1412,1392,
2594,2763,2648,2609,2683,2584,2618,2713,2611,2536,2744,2650,2715,2713,2731,2732,2658,2722,2732,2782,2666,2709,2727,2639,2642,2749,2762,2677,2735,2749,2730,2588,2673,2789,2647,2680,2668,2781,2682,2537,2652,2686,2659,2606,2627,2633,2709,2638,2632,2730,2593,2694,2742,2691,2665,2714,2708,2625,2225,1460,1392,1480,1416,1365,1348,1391,1288,1365,1343,1404,1395,1458,1375,1370,1341,1411,1367,1383,1366,1397,1484,1318,1414,1420,1341,1370,1383,1359,1355,1398,1282,1290,1299,1328,1363,1299,1383,1409,1318,1356,1350,1328,1365,1410,1316,1368,1339,1309,1395,1328,1342,1309,1381,1373,1381,1416,1387,1341,1372,1270,1322,1312,1346,1374,1336,1407,1361,1375,
2680,2691,2617,2521,2702,2682,2811,2579,2682,2619,2724,2649,2768,2642,2614,2780,2717,2598,2615,2650,2700,2577,2616,2677,2621,2610,2810,2700,2732,2568,2764,2639,2642,2683,2628,2663,2651,2722,2652,2814,2657,2587,2611,2576,2690,2631,2714,2707,2583,2648,2639,2661,2620,2734,2694,2683,2774,2487,1437,1372,1357,1392,1330,1305,1350,1314,1341,1332,1330,1324,1456,1319,1437,1475,1314,1403,1424,1323,1409,1339,1333,1396,1421,1351,1382,1329,1325,1370,1359,1348,1404,1282,1273,1325,1451,1362,1350,1335,1379,1330,1323,1271,1406,1356,1383,1429,1314,1326,1334,1371,1332,1461,1262,1323,1422,1446,1360,1381,1378,1280,1277,1350,1362,1407,1457,1367,1428,1397,
2594,2713,2662,2710,2718,2754,2631,2748,2602,2660,2673,2665,2697,2733,2768,2622,2676,2612,2598,2703,2644,2628,2702,2614,2785,2675,2790,2688,2637,2748,2682,2687,2636,2587,2776,2735,2642,2694,2731,2690,2709,2711,2669,2713,2656,2666,2719,2756,2646,2439,2594,2668,2624,2604,2563,2719,2652,1287,1536,1347,1336,1385,1346,1397,1400,1354,1403,1402,1277,1427,1368,1339,1287,1315,1348,1433,1358,1415,1272,1431,1328,1363,1366,1327,1348,1382,1365,1293,1363,1498,1391,1376,1306,1386,1371,1384,1365,1362,1370,1369,1285,1340,1255,1447,1330,1388,1315,1363,1421,1357,1386,1358,1351,1420,1425,1392,1403,1375,1425,1274,1377,1316,1352,1410,1416,1357,1323,1345,
2673,2752,2554,2687,2701,2685,2633,2736,2678,2698,2809,2653,2664,2667,2610,2725,2590,2702,2747,2738,2654,2635,2720,2755,2660,2719,2740,2655,2586,2711,2751,2715,2673,2676,2658,2736,2571,2707,2616,2732,2766,2624,2679,2555,2797,2794,2661,2684,2633,2591,2644,2675,2716,2653,2660,2565,1379,1628,1416,1327,1312,1284,1489,1440,1350,1376,1439,1285,1451,1353,1454,1347,1418,1351,1296,1365,1389,1348,1441,1332,1346,1310,1336,1414,1267,1307,1325,1297,1368,1355,1333,1448,1402,1397,1403,1453,1308,1311,1452,1426,1346,1310,1396,1388,1266,1341,1385,1353,1414,1327,1420,1327,1431,1294,1384,1377,1336,1453,1391,1445,1286,1394,1461,1311,1380,1472,1389,1379,
2797,2533,2676,2589,2768,2651,2598,2690,2691,2528,2645,2606,2697,2683,2627,2702,2628,2587,2569,2720,2681,2709,2723,2741,2608,2670,2692,2798,2621,2596,2697,2739,2604,2702,2673,2752,2621,2779,2782,2591,2650,2628,2784,2784,2773,2511,2676,2691,2723,2529,2579,2789,2714,2685,2574,2250,1551,1360,1350,1386,1349,1335,1343,1423,1382,1451,1320,1369,1281,1381,1313,1320,1400,1326,1421,1362,1326,1431,1258,1288,1413,1260,1370,1296,1361,1387,1371,1390,1344,1388,1355,1330,1347,1433,1420,1363,1410,1342,1301,1273,1375,1350,1362,1412,1334,1397,1384,1374,1357,1351,1295,1284,1360,1276,1354,1311,1438,1476,1320,1436,1364,1363,1393,1380,1353,1361,1369,1362,
2658,2622,2647,2756,2593,2688,2788,2667,2678,2649,2700,2541,2716,2722,2758,2695,2655,2760,2600,2735,2720,2764,2673,2616,2594,2638,2621,2738,2680,2764,2695,2664,2657,2676,2712,2699,2603,2696,2685,2671,2744,2654,2734,2635,2674,2572,2673,2579,2600,2613,2662,2611,2760,2645,2708,1337,1421,1310,1452,1333,1376,1373,1427,1308,1323,1293,1393,1349,1330,1325,1354,1328,1304,1436,1356,1360,1371,1352,1370,1346,1373,1430,1326,1361,1355,1453,1281,1402,1377,1272,1435,1330,1363,1381,1444,1415,1377,1354,1387,1303,1405,1419,1335,1377,1422,1336,1402,1308,1276,1383,1287,1376,1414,1320,1434,1445,1417,1371,1370,1343,1350,1442,1366,1327,1372,1363,1388,1408,
2805,2744,2750,2733,2628,2882,2670,2611,2747,2746,2715,2668,2741,2699,2725,2702,2721,2642,2702,2693,2800,2712,2794,2669,2771,2588,2619,2743,2605,2637,2677,2665,2745,2802,2769,2667,2597,2620,2637,2778,2619,2621,2652,2686,2652,2570,2623,2795,2592,2727,2756,2670,2653,2666,1469,1559,1352,1377,1433,1381,1355,1363,1333,1379,1432,1457,1332,1377,1303,1380,1309,1423,1356,1379,1345,1351,1325,1324,1389,1349,1401,1455,1412,1345,1262,1361,1316,1410,1341,1396,1310,1414,1354,1388,1413,1376,1367,1443,1455,1356,1259,1362,1341,1406,1393,1294,1408,1259,1265,1324,1429,1251,1294,1385,1423,1378,1399,1419,1271,1378,1331,1383,1335,1401,1400,1386,1303,1282,
2591,2543,2646,2690,2662,2772,2657,2582,2733,2688,2747,2693,2597,2829,2652,2737,2571,2640,2696,2633,2820,2727,2612,2716,2601,2590,2727,2719,2648,2629,2708,2826,2691,2635,2688,2723,2751,2670,2758,2605,2507,2696,2670,2670,2667,2707,2692,2652,2717,2547,2624,2517,2657,2583,1660,1440,1405,1344,1364,1356,1341,1306,1309,1335,1261,1415,1381,1462,1336,1427,1308,1332,1364,1353,1393,1242,1326,1411,1393,1372,1338,1366,1357,1393,1360,1371,1383,1323,1380,1325,1312,1431,1404,1358,1381,1306,1444,1431,1388,1405,1301,1332,1313,1357,1312,1412,1400,1291,1357,1366,1371,1401,1407,1355,1425,1311,1404,1337,1379,1429,1393,1374,1408,1374,1356,1348,1440,1288,
2746,2647,2622,2634,2673,2743,2720,2672,2740,2726,2721,2750,2773,2634,2702,2680,2729,2686,2691,2738,2620,2695,2644,2723,2562,2674,2658,2759,2661,2681,2669,2598,2538,2690,2662,2707,2756,2737,2637,2599,2690,2582,2755,2727,2795,2722,2661,2624,2673,2660,2580,2735,2650,1394,1463,1287,1313,1341,1346,1395,1425,1384,1388,1296,1293,1327,1377,1390,1327,1350,1324,1400,1434,1349,1342,1435,1356,1386,1396,1361,1408,1344,1380,1396,1321,1471,1417,1392,1433,1389,1449,1394,1413,1386,1292,1441,1442,1382,1376,1397,1387,1355,1420,1313,1351,1452,1308,1351,1368,1367,1336,1419,1384,1377,1451,1390,1265,1439,1394,1355,1368,1321,1307,1380,1312,1369,1339,1470,
2740,2747,2703,2695,2922,2707,2631,2679,2683,2602,2767,2724,2612,2739,2748,2690,2834,2674,2611,2742,2735,2638,2659,2543,2815,2671,2637,2648,2703,2772,2643,2738,2632,2784,2700,2622,2719,2709,2737,2625,2657,2598,2605,2675,2681,2703,2717,2612,2625,2608,2788,2677,2279,1576,1309,1373,1366,1309,1298,1384,1337,1278,1396,1323,1403,1417,1361,1388,1209,1364,1317,1369,1334,1305,1329,1361,1314,1363,1383,1371,1414,1337,1364,1429,1367,1320,1302,1376,1349,1471,1374,1414,1381,1347,1407,1472,1353,1370,1337,1370,1307,1400,1322,1294,1439,1386,1446,1410,1466,1402,1348,1388,1331,1369,1404,1300,1403,1355,1306,1358,1330,1391,1379,1374,1334,1414,1402,1442,
2677,2773,2666,2717,2744,2741,2690,2608,2690,2689,2689,2721,2679,2726,2594,2628,2661,2678,2689,2690,2801,2658,2730,2611,2738,2672,2659,2795,2686,2605,2685,2759,2653,2707,2608,2638,2816,2709,2795,2564,2655,2665,2736,2755,2779,2734,2708,2663,2689,2844,2684,2591,1438,1370,1301,1367,1309,1480,1409,1281,1343,1336,1336,1400,1377,1369,1377,1361,1346,1410,1379,1327,1283,1401,1402,1376,1339,1406,1264,1367,1411,1265,1336,1333,1366,1357,1363,1362,1338,1431,1365,1337,1400,1373,1499,1346,1411,1233,1325,1398,1426,1255,1344,1401,1375,1340,1386,1387,1415,1321,1502,1358,1379,1430,1323,1365,1292,1389,1323,1420,1398,1396,1349,1369,1362,1454,1409,1433,
2682,2673,2613,2672,2735,2687,2786,2618,2637,2549,2796,2704,2703,2671,2666,2725,2551,2531,2732,2602,2781,2685,2633,2596,2677,2723,2764,2737,2671,2603,2786,2655,2655,2656,2711,2723,2719,2759,2633,2817,2620,2686,2718,2577,2623,2758,2735,2615,2612,2762,2631,2365,1587,1397,1325,1379,1311,1343,1369,1376,1414,1366,1364,1359,1345,1384,1349,1333,1314,1419,1355,1318,1316,1261,1428,1424,1347,1388,1294,1342,1426,1290,1315,1327,1350,1296,1345,1405,1334,1376,1375,1483,1363,1374,1331,1364,1413,1461,1387,1273,1412,1351,1332,1298,1338,1360,1375,1352,1345,1331,1328,1393,1454,1350,1431,1346,1333,1391,1476,1492,1313,1360,1367,1284,1371,1316,1352,1350,
2721,2666,2674,2736,2715,2666,2567,2659,2692,2549,2616,2709,2682,2685,2691,2718,2799,2756,2589,2659,2776,2797,2584,2664,2694,2743,2642,2712,2630,2642,2690,2694,2684,2807,2711,2721,2640,2756,2614,2763,2674,2646,2674,2654,2732,2681,2753,2680,2740,2720,2668,1417,1461,1359,1396,1472,1398,1364,1294,1434,1430,1367,1303,1376,1313,1372,1369,1431,1465,1360,1329,1305,1385,1328,1336,1384,1351,1388,1332,1364,1365,1362,1286,1317,1288,1443,1371,1383,1360,1368,1343,1452,1415,1341,1373,1369,1343,1341,1365,1309,1482,1406,1365,1401,1268,1298,1267,1326,1367,1328,1324,1322,1370,1318,1411,1401,1404,1353,1417,1317,1405,1312,1367,1355,1391,1370,1332,1403,
2694,2562,2657,2598,2648,2659,2686,2762,2649,2729,2785,2566,2656,2628,2674,2712,2750,2634,2664,2640,2704,2599,2612,2650,2704,2618,2678,2506,2736,2591,2619,2665,2781,2560,2651,2599,2653,2675,2715,2574,2638,2625,2790,2648,2684,2712,2668,2714,2687,2645,2612,1526,1429,1319,1371,1312,1372,1405,1415,1379,1392,1378,1341,1462,1307,1410,1413,1395,1457,1294,1413,1331,1366,1431,1356,1341,1267,1351,1314,1361,1383,1385,1371,1289,1415,1424,1347,1375,1380,1419,1381,1342,1373,1331,1386,1271,1354,1408,1365,1371,1409,1331,1305,1296,1400,1418,1352,1317,1415,1413,1275,1296,1471,1527,1435,1371,1323,1397,1293,1312,1322,1401,1357,1348,1286,1344,1489,1375,
2837,2688,2749,2684,2711,2737,2704,2588,2671,2646,2665,2608,2742,2733,2656,2644,2630,2705,2677,2684,2560,2601,2631,2795,2676,2739,2668,2611,2690,2580,2782,2597,2665,2652,2570,2725,2706,2637,2768,2704,2650,2699,2675,2650,2793,2672,2588,2630,2719,2660,2748,1525,1364,1408,1320,1262,1425,1466,1308,1280,1303,1311,1424,1346,1357,1361,1352,1428,1353,1386,1333,1309,1323,1277,1372,1365,1310,1351,1307,1295,1349,1310,1326,1336,1299,1444,1402,1420,1309,1304,1348,1458,1281,1359,1427,1407,1426,1409,1346,1361,1336,1391,1405,1382,1315,1376,1445,1375,1317,1438,1306,1357,1393,1379,1438,1384,1444,1386,1350,1441,1293,1386,1310,1409,1414,1361,1344,1468,
2767,2733,2741,2734,2668,2732,2677,2815,2792,2733,2636,2745,2717,2705,2714,2686,2670,2645,2688,2775,2696,2620,2644,2745,2746,2650,2778,2798,2651,2752,2742,2584,2671,2701,2677,2686,2704,2617,2703,2716,2647,2707,2724,2660,2644,2806,2700,2703,2679,2639,2751,1523,1338,1289,1408,1358,1378,1489,1453,1345,1311,1289,1330,1460,1272,1358,1450,1416,1326,1387,1409,1378,1412,1282,1371,1319,1430,1296,1289,1428,1398,1398,1407,1285,1314,1365,1397,1373,1390,1337,1355,1381,1260,1360,1369,1373,1429,1400,1392,1376,1364,1400,1382,1416,1310,1365,1393,1382,1358,1362,1391,1387,1403,1415,1399,1328,1359,1340,1378,1389,1418,1429,1437,1356,1405,1365,1380,1320,
2662,2626,2691,2622,2698,2666,2702,2757,2632,2757,2626,2784,2667,2732,2599,2618,2684,2624,2646,2686,2661,2543,2543,2610,2754,2619,2593,2723,2757,2669,2657,2569,2681,2652,2683,2701,2673,2621,2642,2712,2757,2620,2621,2652,2676,2706,2606,2586,2609,2622,2367,1688,1300,1300,1363,1377,1359,1405,1426,1437,1387,1411,1312,1311,1353,1346,1376,1354,1323,1362,1417,1328,1411,1437,1381,1294,1318,1337,1420,1452,1322,1392,1404,1362,1327,1309,1392,1322,1348,1383,1308,1356,1310,1261,1368,1394,1344,1370,1401,1400,1414,1440,1346,1402,1321,1396,1343,1374,1368,1406,1401,1329,1356,1375,1319,1401,1418,1391,1361,1393,1347,1369,1357,1297,1318,1334,1352,1381,
2642,2549,2699,2648,2699,2827,2633,2594,2660,2628,2613,2649,2647,2632,2706,2640,2795,2653,2757,2651,2629,2628,2630,2693,2666,2706,2671,2714,2775,2643,2671,2837,2759,2569,2715,2639,2462,2584,2566,2624,2674,2637,2588,2663,2649,2622,2746,2723,2669,2704,2648,1602,1378,1381,1380,1428,1398,1440,1399,1337,1379,1403,1422,1416,1393,1427,1346,1364,1361,1283,1400,1438,1327,1351,1423,1324,1278,1404,1280,1367,1338,1317,1390,1314,1273,1277,1407,1347,1337,1351,1384,1391,1434,1452,1344,1396,1414,1391,1372,1436,1314,1431,1288,1349,1320,1310,1433,1413,1414,1389,1275,1303,1370,1416,1347,1395,1326,1361,1371,1240,1332,1301,1344,1336,1419,1409,1395,1428,
2757,2848,2842,2485,2673,2825,2607,2687,2748,2786,2742,2630,2633,2706,2714,2729,2690,2744,2786,2755,2767,2639,2629,2722,2602,2701,2643,2598,2618,2769,2676,2613,2649,2605,2576,2641,2750,2626,2685,2659,2619,2645,2624,2712,2647,2693,2655,2638,2638,2772,2372,1488,1414,1353,1328,1411,1410,1433,1334,1371,1338,1405,1382,1344,1330,1364,1344,1468,1410,1374,1369,1294,1366,1370,1434,1358,1376,1369,1300,1396,1340,1337,1377,1352,1307,1353,1382,1342,1318,1306,1370,1445,1366,1506,1345,1317,1336,1358,1413,1400,1384,1364,1280,1307,1436,1284,1336,1357,1378,1315,1326,1343,1318,1339,1288,1273,1389,1343,1341,1425,1377,1311,1442,1368,1343,1344,1441,1289,
2563,2739,2658,2764,2686,2618,2579,2626,2682,2635,2655,2698,2793,2640,2777,2671,2696,2749,2841,2811,2776,2612,2749,2687,2610,2567,2570,2697,2615,2758,2789,2710,2647,2725,2597,2612,2698,2671,2713,2644,2645,2653,2618,2757,2454,2679,2638,2642,2788,2770,2615,1635,1398,1406,1313,1344,1413,1440,1289,1329,1334,1342,1394,1320,1338,1326,1313,1375,1423,1438,1289,1332,1359,1272,1407,1432,1389,1451,1380,1282,1320,1407,1340,1365,1324,1355,1320,1393,1353,1421,1293,1352,1479,1465,1369,1385,1357,1395,1356,1399,1376,1394,1295,1312,1461,1451,1350,1275,1417,1288,1384,1387,1311,1370,1309,1408,1387,1314,1357,1347,1314,1429,1434,1431,1360,1399,1372,1391,
2671,2813,2710,2610,2748,2601,2732,2605,2697,2732,2696,2648,2740,2590,2663,2648,2687,2733,2806,2669,2731,2495,2526,2666,2565,2676,2660,2603,2655,2685,2811,2676,2642,2765,2708,2612,2616,2606,2557,2596,2690,2653,2558,2848,2745,2687,2573,2696,2754,2710,2573,1537,1332,1311,1310,1335,1377,1349,1382,1428,1396,1440,1385,1364,1286,1387,1340,1342,1264,1349,1409,1320,1476,1374,1351,1309,1397,1431,1347,1411,1407,1353,1357,1339,1351,1290,1299,1412,1405,1352,1381,1255,1358,1335,1403,1380,1339,1389,1343,1320,1355,1396,1409,1405,1377,1356,1385,1329,1340,1418,1417,1341,1369,1348,1255,1391,1412,1339,1309,1317,1318,1389,1340,1398,1383,1335,1432,1289,
2682,2620,2705,2712,2637,2645,2715,2663,2586,2751,2585,2670,2553,2685,2726,2789,2522,2700,2630,2579,2702,2609,2589,2539,2699,2597,2642,2714,2698,2624,2566,2612,2639,2653,2744,2631,2740,2625,2657,2632,2650,2766,2675,2684,2701,2595,2690,2673,2664,2624,2609,1538,1412,1361,1303,1398,1346,1301,1345,1332,1357,1342,1382,1312,1367,1433,1329,1284,1327,1268,1356,1321,1383,1390,1306,1398,1367,1387,1357,1371,1352,1396,1316,1304,1403,1292,1435,1386,1310,1381,1307,1402,1359,1363,1486,1308,1399,1382,1359,1299,1396,1385,1391,1384,1304,1358,1286,1335,1430,1378,1417,1461,1340,1391,1384,1326,1355,1349,1351,1388,1413,1442,1322,1370,1420,1356,1415,1340,
2720,2674,2702,2727,2719,2653,2724,2633,2712,2630,2754,2740,2693,2703,2555,2575,2730,2729,2707,2515,2669,2792,2708,2726,2712,2643,2751,2669,2644,2656,2674,2653,2766,2633,2697,2673,2784,2758,2725,2728,2639,2651,2808,2617,2606,2638,2636,2670,2658,2675,2739,1513,1414,1378,1430,1364,1349,1317,1385,1434,1294,1271,1414,1402,1369,1362,1335,1188,1415,1368,1328,1331,1327,1363,1355,1366,1371,1361,1371,1343,1335,1302,1357,1356,1263,1312,1353,1324,1307,1348,1384,1263,1308,1222,1374,1387,1376,1302,1381,1301,1333,1462,1390,1359,1340,1408,1392,1310,1370,1429,1316,1325,1382,1339,1338,1398,1357,1452,1289,1358,1367,1332,1326,1476,1317,1400,1371,1343,
2704,2727,2607,2716,2572,2695,2693,2650,2673,2717,2688,2727,2681,2687,2669,2717,2718,2721,2674,2698,2701,2747,2720,2624,2664,2700,2611,2634,2681,2748,2696,2698,2766,2704,2743,2688,2476,2596,2767,2784,2772,2743,2916,2648,2658,2664,2661,2792,2700,2746,2711,1620,1438,1324,1278,1497,1300,1368,1326,1341,1381,1367,1402,1366,1319,1391,1344,1331,1400,1419,1311,1357,1424,1456,1325,1363,1387,1446,1345,1353,1364,1393,1319,1403,1229,1321,1290,1339,1340,1328,1422,1303,1341,1376,1357,1392,1363,1296,1447,1376,1401,1400,1321,1388,1373,1462,1408,1284,1353,1379,1371,1431,1393,1409,1377,1352,1448,1388,1374,1365,1370,1365,1401,1458,1374,1360,1326,1345,
2616,2593,2620,2588,2633,2640,2659,2613,2683,2677,2669,2571,2682,2564,2633,2527,2532,2690,2542,2714,2734,2781,2649,2733,2659,2572,2706,2749,2656,2620,2625,2637,2700,2697,2620,2572,2591,2691,2721,2628,2716,2741,2660,2763,2678,2637,2549,2799,2776,2710,2549,2356,1397,1360,1422,1316,1373,1295,1331,1376,1293,1430,1364,1434,1382,1396,1367,1355,1392,1307,1338,1381,1449,1319,1417,1404,1395,1366,1376,1255,1411,1330,1273,1392,1308,1318,1425,1399,1292,1363,1366,1414,1341,1315,1330,1358,1371,1438,1454,1408,1297,1361,1389,1384,1332,1415,1506,1387,1431,1442,1322,1337,1338,1371,1393,1319,1385,1301,1471,1390,1315,1386,1361,1336,1335,1319,1310,1364,
2708,2690,2610,2731,2671,2714,2827,2683,2709,2660,2684,2731,2789,2610,2648,2627,2664,2625,2622,2654,2705,2686,2705,2741,2723,2745,2690,2596,2730,2667,2735,2587,2584,2585,2732,2704,2653,2804,2783,2563,2664,2678,2655,2646,2611,2639,2794,2686,2559,2594,2716,1833,1453,1427,1370,1354,1322,1415,1276,1363,1437,1353,1368,1390,1403,1365,1440,1315,1329,1312,1389,1356,1294,1404,1486,1357,1399,1399,1388,1376,1413,1377,1402,1346,1404,1415,1381,1423,1422,1402,1427,1365,1328,1404,1409,1464,1387,1380,1301,1371,1324,1386,1360,1232,1396,1389,1385,1369,1364,1377,1340,1441,1269,1348,1380,1365,1309,1383,1361,1453,1313,1409,1427,1306,1358,1357,1341,1345,
2701,2612,2615,2573,2728,2666,2568,2669,2660,2742,2688,2699,2653,2625,2737,2705,2714,2718,2616,2679,2695,2667,2814,2659,2699,2706,2751,2688,2694,2671,2578,2742,2559,2697,2650,2664,2728,2724,2647,2545,2635,2631,2682,2579,2660,2732,2635,2739,2640,2705,2757,2198,1425,1429,1375,1421,1294,1401,1257,1395,1375,1390,1339,1365,1332,1371,1364,1376,1374,1278,1312,1352,1365,1301,1325,1254,1351,1318,1309,1324,1405,1296,1372,1321,1363,1325,1281,1302,1332,1401,1397,1322,1310,1355,1378,1271,1278,1334,1333,1379,1296,1335,1390,1320,1352,1410,1386,1358,1358,1407,1371,1397,1366,1334,1359,1372,1382,1298,1257,1400,1428,1438,1348,1388,1307,1308,1364,1352,
2755,2638,2627,2748,2596,2680,2701,2738,2572,2645,2563,2614,2666,2658,2707,2721,2801,2626,2713,2588,2754,2666,2556,2705,2752,2827,2536,2698,2631,2689,2664,2782,2630,2814,2674,2716,2774,2698,2579,2619,2631,2786,2567,2678,2561,2664,2614,2705,2601,2741,2653,2682,1484,1267,1438,1346,1322,1328,1334,1364,1360,1399,1395,1357,1421,1374,1415,1430,1403,1346,1501,1367,1377,1412,1411,1363,1346,1331,1324,1348,1292,1353,1307,1374,1372,1367,1319,1366,1437,1280,1327,1364,1360,1417,1484,1386,1400,1418,1421,1331,1293,1373,1387,1485,1435,1384,1463,1370,1356,1363,1353,1315,1445,1338,1405,1335,1383,1284,1287,1261,1335,1372,1358,1350,1446,1318,1354,1338,
2654,2635,2744,2718,2669,2675,2804,2698,2628,2828,2740,2737,2714,2869,2776,2545,2716,2707,2586,2723,2662,2740,2674,2895,2652,2557,2579,2739,2724,2666,2751,2656,2650,2601,2649,2584,2693,2704,2649,2547,2668,2640,2556,2582,2654,2729,2620,2671,2659,2653,2703,2568,1563,1345,1317,1280,1349,1315,1409,1317,1363,1419,1319,1363,1373,1408,1355,1255,1357,1431,1395,1423,1362,1364,1365,1393,1389,1297,1297,1338,1245,1404,1385,1314,1389,1344,1304,1368,1345,1434,1365,1372,1361,1311,1313,1287,1420,1387,1301,1440,1349,1419,1318,1428,1314,1318,1431,1323,1322,1260,1297,1460,1317,1356,1389,1384,1388,1342,1392,1339,1315,1313,1426,1363,1422,1362,1424,1430,
2642,2716,2730,2629,2715,2743,2756,2708,2651,2741,2623,2833,2711,2698,2714,2627,2646,2638,2731,2605,2637,2784,2620,2667,2572,2606,2751,2703,2692,2690,2703,2702,2830,2769,2732,2814,2637,2687,2528,2624,2801,2537,2665,2666,2664,2641,2769,2770,2763,2669,2666,1894,1666,1430,1324,1364,1335,1405,1337,1411,1405,1316,1313,1331,1285,1336,1284,1489,1424,1359,1316,1414,1350,1214,1363,1349,1393,1274,1380,1292,1359,1285,1358,1333,1452,1385,1401,1402,1428,1335,1293,1318,1236,1373,1323,1346,1397,1338,1372,1283,1360,1364,1382,1391,1414,1228,1364,1383,1329,1335,1368,1339,1394,1281,1312,1332,1311,1294,1380,1326,1399,1268,1422,1316,1395,1401,1395,1385,
2748,2600,2696,2707,2705,2717,2683,2802,2617,2637,2667,2647,2763,2763,2725,2693,2720,2768,2610,2677,2646,2575,2659,2698,2811,2744,2679,2705,2774,2751,2769,2809,2730,2546,2638,2648,2791,2707,2790,2691,2618,2664,2618,2773,2734,2671,2638,2664,2684,2722,2684,2256,1615,1443,1375,1307,1293,1317,1409,1327,1382,1401,1384,1348,1314,1407,1393,1295,1345,1451,1348,1395,1339,1401,1375,1441,1314,1420,1431,1281,1438,1344,1441,1331,1366,1357,1404,1350,1287,1346,1404,1373,1419,1318,1344,1378,1347,1407,1361,1404,1308,1373,1308,1399,1421,1425,1341,1436,1316,1351,1434,1290,1327,1355,1385,1394,1278,1335,1350,1311,1319,1433,1420,1453,1175,1452,1382,1407,
2709,2686,2679,2742,2680,2539,2677,2661,2605,2586,2704,2661,2619,2626,2801,2774,2730,2756,2598,2739,2693,2635,2739,2671,2605,2637,2734,2694,2592,2801,2593,2694,2704,2749,2505,2619,2652,2684,2643,2727,2629,2659,2782,2657,2675,2655,2625,2651,2564,2714,2667,2397,1535,1316,1334,1351,1305,1365,1367,1333,1335,1308,1355,1439,1406,1370,1346,1336,1375,1435,1374,1308,1291,1310,1394,1361,1367,1371,1328,1379,1419,1301,1313,1386,1245,1382,1302,1442,1398,1381,1447,1406,1405,1398,1291,1417,1317,1384,1321,1402,1362,1347,1313,1336,1391,1373,1400,1325,1324,1346,1327,1364,1266,1404,1385,1400,1340,1338,1413,1376,1389,1377,1361,1387,1252,1302,1289,1439,
2628,2703,2642,2650,2653,2770,2682,2680,2671,2744,2742,2631,2609,2746,2723,2727,2710,2703,2755,2642,2804,2645,2624,2641,2683,2652,2666,2674,2753,2659,2677,2810,2757,2705,2636,2589,2748,2713,2781,2791,2548,2771,2675,2678,2657,2606,2647,2647,2704,2670,2713,2617,1652,1339,1399,1340,1398,1408,1343,1418,1384,1410,1345,1423,1323,1383,1356,1355,1408,1313,1417,1363,1327,1362,1325,1404,1460,1412,1395,1319,1301,1367,1349,1261,1304,1419,1333,1261,1409,1395,1357,1394,1316,1349,1328,1357,1320,1383,1382,1387,1355,1408,1457,1329,1455,1400,1374,1314,1434,1345,1429,1398,1390,1409,1359,1381,1270,1421,1316,1391,1385,1328,1439,1403,1339,1294,1374,1319,
2627,2765,2595,2680,2611,2684,2774,2599,2624,2578,2780,2657,2715,2728,2760,2728,2685,2576,2727,2617,2763,2617,2908,2660,2698,2635,2657,2691,2607,2520,2675,2697,2670,2577,2784,2713,2526,2636,2767,2687,2678,2677,2614,2787,2538,2744,2793,2757,2751,2784,2635,2635,1602,1412,1321,1266,1412,1415,1354,1350,1378,1353,1407,1362,1367,1375,1353,1431,1324,1368,1409,1426,1369,1328,1378,1360,1346,1397,1348,1326,1418,1370,1317,1289,1294,1377,1359,1443,1255,1274,1325,1408,1298,1376,1463,1339,1321,1355,1421,1305,1405,1319,1362,1300,1341,1368,1393,1453,1364,1444,1405,1442,1388,1353,1359,1384,1401,1259,1281,1436,1291,1349,1418,1342,1283,1397,1355,1427,
2588,2791,2624,2670,2627,2649,2564,2590,2683,2658,2684,2569,2777,2681,2768,2726,2776,2582,2606,2637,2676,2764,2766,2683,2705,2631,2674,2742,2753,2742,2664,2662,2583,2582,2683,2671,2752,2611,2764,2681,2740,2670,2564,2614,2650,2708,2652,2604,2889,2602,2694,2527,1757,1388,1347,1356,1369,1406,1317,1310,1393,1360,1415,1348,1322,1420,1272,1347,1367,1352,1371,1398,1291,1367,1328,1354,1371,1388,1381,1315,1349,1387,1280,1385,1403,1291,1259,1428,1259,1294,1370,1317,1267,1319,1282,1321,1407,1356,1398,1401,1373,1286,1286,1365,1464,1394,1334,1302,1393,1338,1295,1324,1397,1322,1372,1328,1394,1274,1365,1368,1372,1367,1375,1342,1378,1403,1327,1370,
2658,2536,2628,2520,2724,2728,2748,2694,2593,2579,2714,2790,2668,2720,2698,2692,2695,2592,2698,2676,2740,2697,2667,2674,2841,2609,2626,2665,2684,2700,2706,2717,2776,2718,2751,2640,2694,2739,2710,2703,2671,2675,2651,2692,2719,2612,2662,2548,2650,2631,2719,2678,2055,1374,1284,1364,1420,1379,1362,1327,1331,1376,1339,1303,1333,1408,1217,1323,1392,1383,1350,1374,1224,1441,1417,1387,1259,1407,1391,1289,1358,1414,1393,1294,1464,1372,1364,1377,1368,1269,1504,1397,1395,1424,1398,1456,1300,1322,1339,1408,1355,1341,1370,1320,1282,1426,1393,1339,1278,1304,1362,1295,1371,1285,1373,1286,1350,1390,1293,1401,1428,1457,1290,1356,1361,1294,1346,1309,
2774,2673,2621,2752,2656,2695,2852,2682,2748,2601,2609,2757,2571,2703,2642,2722,2638,2681,2702,2789,2646,2580,2638,2700,2785,2709,2705,2733,2662,2621,2783,2734,2680,2774,2582,2684,2640,2661,2686,2651,2730,2714,2578,2781,2638,2739,2754,2630,2670,2714,2632,2709,2340,1527,1306,1349,1332,1348,1349,1278,1305,1374,1390,1412,1351,1309,1384,1350,1400,1397,1350,1456,1308,1352,1383,1378,1364,1393,1340,1257,1341,1358,1375,1426,1364,1369,1415,1313,1312,1371,1284,1351,1378,1274,1393,1320,1355,1347,1357,1440,1389,1358,1416,1357,1442,1331,1392,1317,1409,1369,1433,1358,1483,1372,1325,1359,1311,1212,1366,1411,1382,1294,1358,1308,1295,1326,1333,1354,
2653,2709,2588,2664,2726,2692,2799,2730,2635,2708,2629,2721,2721,2666,2735,2725,2683,2756,2583,2719,2744,2633,2614,2674,2697,2705,2777,2580,2649,2663,2696,2573,2690,2730,2761,2641,2593,2755,2633,2677,2620,2722,2830,2642,2679,2754,2785,2704,2681,2548,2639,2610,1502,1298,1319,1305,1315,1348,1409,1304,1384,1384,1403,1320,1374,1371,1328,1358,1403,1406,1283,1356,1353,1344,1409,1405,1364,1390,1361,1318,1368,1395,1375,1302,1326,1379,1370,1324,1355,1362,1337,1310,1330,1366,1353,1305,1364,1300,1400,1367,1382,1333,1387,1381,1349,1508,1376,1350,1382,1320,1459,1278,1337,1370,1334,1336,1329,1356,1273,1391,1432,1322,1447,1371,1329,1338,1355,1420,
2660,2693,2516,2578,2673,2573,2689,2736,2623,2727,2645,2679,2645,2615,2682,2551,2673,2735,2646,2664,2686,2790,2719,2789,2608,2707,2819,2611,2608,2716,2606,2587,2695,2701,2618,2585,2750,2687,2602,2692,2663,2856,2674,2788,2526,2701,2750,2714,2689,2687,2608,2696,1539,1380,1399,1312,1347,1313,1344,1480,1335,1310,1307,1307,1378,1322,1338,1375,1334,1340,1320,1409,1408,1380,1416,1340,1397,1326,1435,1380,1303,1390,1385,1396,1308,1370,1334,1309,1331,1406,1393,1430,1402,1306,1353,1415,1311,1430,1387,1339,1337,1470,1249,1340,1268,1412,1379,1409,1404,1389,1343,1504,1352,1308,1412,1411,1328,1432,1336,1347,1343,1347,1333,1455,1408,1322,1421,1394,
2659,2644,2687,2613,2696,2625,2671,2788,2706,2647,2710,2725,2682,2707,2667,2761,2598,2663,2492,2708,2777,2680,2694,2642,2662,2604,2629,2711,2664,2690,2601,2620,2722,2636,2671,2600,2654,2644,2694,2671,2618,2723,2719,2696,2733,2633,2574,2646,2655,2748,2694,2558,1474,1420,1346,1370,1385,1358,1345,1365,1329,1260,1373,1399,1410,1385,1365,1432,1396,1382,1274,1456,1341,1331,1328,1390,1409,1354,1311,1379,1438,1384,1411,1282,1361,1311,1364,1248,1286,1377,1364,1430,1385,1352,1289,1437,1394,1421,1399,1305,1335,1365,1375,1360,1374,1349,1351,1366,1365,1389,1319,1355,1355,1367,1414,1325,1404,1420,1385,1364,1370,1371,1388,1347,1239,1430,1455,1327,
2693,2742,2670,2638,2646,2709,2532,2599,2641,2734,2629,2676,2646,2713,2695,2705,2634,2622,2643,2655,2674,2725,2646,2752,2658,2582,2585,2757,2732,2694,2717,2790,2677,2693,2604,2752,2722,2624,2615,2713,2651,2697,2734,2606,2674,2801,2652,2775,2655,2721,2617,2519,1538,1355,1398,1341,1344,1265,1337,1307,1366,1383,1385,1440,1303,1289,1354,1433,1348,1294,1411,1331,1341,1244,1357,1334,1368,1437,1301,1376,1333,1387,1341,1358,1317,1334,1291,1336,1376,1340,1354,1349,1363,1389,1288,1403,1380,1403,1390,1347,1332,1412,1271,1333,1391,1371,1378,1334,1373,1347,1367,1347,1405,1325,1319,1416,1398,1342,1254,1377,1283,1334,1379,1391,1393,1338,1395,1343,
2642,2688,2723,2731,2717,2718,2742,2588,2723,2630,2678,2647,2696,2679,2670,2668,2811,2752,2661,2683,2605,2757,2665,2690,2616,2728,2718,2856,2668,2685,2709,2673,2645,2653,2762,2652,2712,2706,2630,2732,2683,2725,2679,2709,2582,2704,2744,2527,2626,2643,2626,2798,1718,1366,1413,1436,1384,1358,1383,1432,1385,1320,1355,1373,1408,1430,1382,1293,1331,1345,1294,1430,1370,1425,1292,1327,1339,1298,1331,1409,1401,1414,1384,1356,1425,1425,1294,1325,1445,1334,1340,1311,1431,1411,1367,1389,1229,1408,1389,1305,1396,1397,1413,1381,1329,1346,1310,1342,1426,1355,1297,1414,1424,1461,1321,1367,1371,1383,1307,1463,1375,1293,1380,1471,1359,1374,1434,1366,
2616,2788,2592,2758,2654,2711,2698,2706,2781,2714,2749,2683,2753,2644,2666,2771,2620,2677,2616,2807,2731,2571,2529,2658,2667,2772,2674,2705,2582,2677,2682,2738,2695,2639,2750,2805,2646,2602,2664,2568,2650,2777,2722,2654,2653,2720,2659,2579,2719,2708,2800,2327,1578,1232,1352,1422,1370,1430,1353,1375,1291,1322,1334,1437,1361,1379,1322,1335,1404,1328,1267,1401,1377,1316,1324,1448,1471,1346,1288,1428,1368,1458,1337,1368,1369,1462,1377,1308,1478,1372,1276,1269,1310,1291,1474,1345,1371,1388,1326,1412,1354,1344,1419,1326,1325,1329,1318,1447,1364,1373,1368,1313,1373,1410,1315,1488,1367,1420,1501,1347,1376,1324,1390,1362,1342,1487,1347,1371,
2725,2733,2750,2613,2674,2699,2615,2749,2703,2779,2622,2646,2706,2695,2627,2708,2644,2599,2634,2633,2683,2731,2766,2673,2643,2587,2679,2643,2691,2826,2586,2660,2680,2646,2695,2601,2694,2824,2587,2637,2750,2591,2654,2561,2595,2695,2657,2657,2584,2653,2720,1419,1373,1252,1409,1384,1379,1454,1366,1438,1424,1380,1388,1337,1446,1384,1340,1376,1393,1387,1254,1412,1360,1418,1400,1390,1352,1368,1305,1411,1301,1340,1322,1359,1304,1388,1362,1365,1477,1316,1407,1400,1405,1345,1343,1376,1316,1360,1350,1337,1339,1403,1389,1395,1452,1450,1392,1395,1332,1403,1312,1390,1408,1309,1344,1398,1407,1287,1375,1359,1298,1424,1191,1332,1354,1391,1302,1344,
2602,2628,2685,2679,2700,2671,2720,2741,2703,2718,2671,2743,2687,2710,2747,2680,2617,2706,2785,2660,2718,2648,2672,2702,2677,2659,2712,2633,2806,2704,2708,2714,2777,2709,2681,2747,2624,2605,2579,2609,2651,2735,2647,2596,2653,2728,2723,2699,2813,2708,2659,1436,1333,1341,1383,1426,1365,1442,1388,1298,1296,1377,1400,1310,1259,1440,1360,1424,1297,1366,1315,1246,1393,1385,1356,1389,1366,1423,1353,1429,1444,1388,1351,1370,1318,1327,1400,1405,1387,1411,1363,1369,1447,1330,1420,1350,1392,1298,1408,1367,1387,1374,1350,1355,1292,1399,1471,1411,1352,1368,1296,1374,1450,1401,1395,1336,1337,1284,1331,1342,1338,1420,1430,1337,1350,1314,1358,1332,
2777,2603,2680,2664,2712,2618,2743,2643,2814,2636,2705,2723,2688,2798,2639,2673,2735,2724,2734,2739,2739,2605,2771,2698,2659,2656,2622,2676,2630,2696,2695,2641,2804,2760,2658,2731,2752,2676,2681,2813,2765,2652,2702,2729,2663,2670,2726,2716,2656,2682,2257,1655,1484,1422,1326,1360,1296,1391,1366,1412,1383,1373,1467,1355,1394,1337,1276,1280,1354,1392,1324,1355,1402,1345,1345,1436,1385,1430,1338,1361,1403,1371,1411,1358,1338,1436,1305,1463,1467,1410,1395,1350,1346,1427,1348,1366,1269,1282,1325,1363,1307,1435,1374,1301,1381,1386,1258,1484,1320,1292,1352,1453,1402,1335,1466,1436,1442,1330,1347,1386,1304,1359,1279,1360,1360,1340,1364,1346,
2798,2686,2671,2650,2695,2747,2662,2701,2662,2667,2664,2633,2726,2672,2672,2783,2686,2758,2711,2671,2680,2655,2710,2605,2582,2716,2715,2585,2625,2624,2861,2678,2635,2656,2751,2687,2771,2688,2744,2603,2745,2564,2746,2662,2564,2687,2750,2803,2562,2723,1580,1444,1358,1322,1427,1371,1368,1355,1458,1431,1419,1387,1438,1468,1363,1434,1387,1313,1416,1334,1280,1481,1289,1365,1397,1406,1379,1290,1353,1394,1302,1478,1364,1389,1312,1355,1381,1398,1317,1403,1422,1366,1407,1357,1329,1465,1392,1418,1426,1368,1460,1346,1369,1428,1336,1342,1327,1358,1368,1415,1364,1405,1349,1417,1338,1394,1395,1329,1350,1437,1365,1356,1287,1323,1387,1425,1335,1450,
2671,2698,2661,2637,2629,2623,2754,2623,2598,2613,2689,2797,2505,2827,2619,2740,2611,2710,2709,2638,2629,2635,2606,2724,2622,2695,2751,2598,2673,2722,2676,2666,2719,2611,2671,2621,2660,2653,2715,2669,2745,2678,2775,2681,2716,2715,2705,2739,2754,2703,1414,1527,1306,1331,1342,1416,1425,1322,1463,1320,1336,1336,1355,1398,1389,1415,1387,1344,1362,1410,1353,1338,1403,1349,1376,1360,1383,1375,1477,1383,1342,1343,1375,1377,1397,1325,1350,1340,1376,1419,1425,1315,1396,1389,1370,1361,1384,1403,1325,1359,1356,1383,1372,1411,1346,1411,1302,1382,1396,1317,1364,1364,1386,1376,1440,1296,1305,1406,1364,1458,1467,1370,1325,1429,1384,1401,1312,1327,
2687,2678,2603,2672,2639,2793,2712,2677,2672,2729,2762,2648,2708,2654,2683,2670,2595,2706,2762,2704,2707,2630,2765,2695,2632,2647,2690,2640,2568,2734,2770,2684,2697,2744,2633,2640,2682,2716,2700,2787,2642,2669,2671,2653,2739,2772,2626,2676,2690,2763,1741,1458,1418,1331,1381,1415,1425,1299,1374,1369,1398,1407,1384,1373,1430,1419,1363,1321,1396,1354,1364,1379,1358,1405,1366,1388,1329,1417,1327,1352,1301,1413,1492,1417,1454,1403,1390,1469,1350,1340,1348,1427,1330,1359,1382,1390,1342,1290,1313,1383,1384,1405,1356,1291,1396,1273,1326,1391,1439,1401,1415,1360,1347,1386,1402,1345,1365,1431,1358,1367,1429,1372,1362,1261,1335,1408,1358,1388,
2636,2688,2704,2594,2622,2729,2647,2725,2687,2616,2756,2740,2779,2670,2637,2657,2644,2658,2698,2645,2772,2699,2704,2760,2512,2593,2709,2720,2756,2784,2682,2756,2783,2739,2685,2680,2714,2658,2714,2807,2733,2559,2672,2736,2666,2708,2750,2682,2779,2398,1509,1437,1369,1384,1371,1444,1410,1387,1339,1364,1453,1402,1296,1377,1311,1354,1429,1361,1359,1347,1389,1320,1353,1312,1409,1369,1394,1387,1467,1366,1322,1482,1325,1369,1328,1393,1403,1347,1412,1311,1393,1444,1316,1368,1321,1412,1397,1343,1372,1338,1318,1391,1338,1435,1445,1406,1303,1386,1355,1350,1345,1312,1451,1337,1404,1273,1327,1403,1411,1377,1303,1314,1349,1302,1355,1316,1372,1349,
2604,2829,2562,2719,2705,2704,2617,2744,2721,2759,2715,2394,2747,2603,2682,2600,2783,2730,2636,2608,2726,2759,2642,2721,2557,2692,2579,2605,2733,2780,2604,2632,2732,2634,2692,2649,2708,2659,2700,2714,2603,2655,2654,2680,2681,2771,2640,2632,2693,1498,1405,1330,1482,1367,1255,1331,1387,1399,1451,1317,1347,1409,1313,1439,1344,1412,1331,1260,1393,1353,1332,1387,1360,1348,1373,1342,1409,1399,1459,1310,1384,1357,1425,1340,1422,1398,1424,1374,1339,1397,1412,1333,1363,1336,1355,1371,1389,1422,1306,1342,1454,1382,1333,1364,1274,1339,1458,1408,1364,1396,1318,1487,1371,1429,1412,1368,1414,1360,1429,1328,1324,1362,1453,1266,1421,1307,1320,1419,
2708,2757,2723,2631,2689,2673,2747,2622,2700,2586,2571,2634,2758,2577,2657,2604,2681,2655,2704,2698,2576,2660,2760,2764,2594,2598,2617,2687,2658,2735,2630,2707,2727,2621,2698,2586,2665,2555,2675,2633,2598,2698,2658,2624,2809,2686,2813,2677,1585,1464,1347,1325,1354,1325,1331,1394,1414,1407,1371,1334,1364,1403,1330,1297,1372,1375,1274,1449,1440,1400,1333,1339,1324,1361,1355,1415,1360,1312,1424,1369,1349,1372,1358,1356,1347,1315,1459,1441,1340,1310,1378,1365,1429,1374,1397,1439,1382,1337,1332,1367,1342,1357,1423,1340,1422,1417,1267,1402,1413,1438,1396,1314,1312,1382,1353,1400,1339,1312,1356,1412,1343,1263,1296,1359,1375,1416,1337,1426,
2604,2739,2561,2674,2785,2723,2636,2647,2548,2693,2735,2727,2621,2705,2731,2583,2627,2669,2735,2728,2666,2774,2726,2703,2700,2743,2660,2773,2599,2673,2727,2761,2732,2745,2785,2756,2592,2777,2723,2665,2590,2780,2632,2669,2689,2679,2796,2603,1536,1557,1319,1364,1343,1391,1465,1265,1328,1382,1447,1440,1505,1475,1394,1405,1283,1333,1431,1424,1355,1386,1330,1380,1347,1339,1411,1351,1412,1423,1404,1388,1428,1346,1401,1379,1370,1403,1299,1338,1270,1423,1385,1369,1408,1489,1411,1339,1374,1250,1345,1346,1432,1396,1456,1309,1368,1297,1382,1363,1305,1383,1388,1348,1311,1410,1394,1391,1432,1322,1386,1312,1332,1354,1421,1293,1357,1353,1370,1363,
2680,2693,2752,2687,2719,2594,2655,2707,2720,2750,2679,2682,2615,2617,2751,2624,2721,2622,2713,2718,2701,2763,2687,2702,2692,2631,2654,2713,2720,2808,2654,2715,2674,2746,2734,2658,2583,2681,2608,2584,2627,2654,2734,2790,2728,2635,2807,2333,1341,1377,1288,1431,1330,1310,1314,1408,1369,1401,1456,1292,1334,1367,1494,1444,1457,1438,1449,1307,1409,1386,1351,1326,1382,1349,1361,1368,1343,1405,1445,1386,1383,1355,1331,1278,1323,1368,1321,1491,1415,1306,1367,1350,1341,1316,1333,1421,1457,1421,1370,1330,1371,1385,1316,1397,1397,1426,1316,1304,1333,1294,1302,1377,1310,1375,1385,1386,1344,1457,1376,1334,1386,1352,1390,1400,1442,1362,1398,1390,
2669,2664,2689,2765,2683,2677,2779,2589,2788,2673,2799,2664,2675,2663,2650,2691,2704,2663,2658,2718,2758,2652,2685,2773,2622,2743,2690,2786,2652,2634,2706,2630,2742,2745,2743,2666,2732,2595,2742,2686,2713,2637,2574,2737,2658,2614,2747,2290,1607,1361,1389,1366,1296,1376,1476,1441,1375,1391,1374,1434,1577,1495,1230,1133,1223,1379,1430,1496,1531,1384,1416,1281,1358,1407,1444,1307,1357,1398,1342,1327,1407,1376,1395,1409,1421,1347,1308,1356,1322,1346,1385,1413,1405,1408,1375,1384,1409,1407,1341,1330,1342,1465,1371,1385,1368,1369,1348,1350,1354,1394,1384,1386,1421,1411,1382,1396,1400,1254,1402,1388,1343,1320,1247,1348,1439,1343,1366,1456,
2798,2591,2740,2726,2670,2616,2709,2679,2764,2647,2677,2720,2623,2653,2716,2763,2528,2808,2550,2623,2686,2684,2685,2713,2710,2651,2708,2662,2747,2710,2690,2693,2679,2691,2644,2605,2673,2671,2669,2579,2682,2639,2706,2770,2619,2719,2664,1285,1479,1436,1310,1295,1360,1436,1342,1314,1433,1359,1388,1321,1369,1389,1307,1457,1388,1519,1405,1098,1212,1449,1508,1340,1436,1334,1355,1344,1407,1288,1289,1225,1311,1378,1333,1338,1323,1410,1435,1455,1465,1328,1421,1319,1391,1370,1307,1348,1293,1344,1389,1356,1344,1429,1349,1352,1281,1332,1315,1339,1401,1294,1443,1305,1410,1375,1290,1314,1468,1363,1385,1353,1322,1374,1366,1340,1419,1334,1337,1419,
2666,2762,2640,2747,2670,2767,2615,2714,2676,2655,2746,2548,2719,2649,2681,2642,2709,2666,2838,2622,2781,2661,2697,2733,2692,2713,2642,2641,2661,2669,2760,2546,2681,2668,2689,2740,2597,2633,2646,2797,2648,2707,2555,2665,2658,2586,2405,1590,1382,1416,1363,1366,1473,1376,1472,1299,1393,1278,1428,1447,1431,1314,1377,1421,1312,1393,1343,1385,1419,1318,1118,1418,1449,1627,1325,1392,1476,1459,1354,1331,1303,1392,1321,1331,1379,1421,1415,1330,1359,1415,1306,1441,1383,1439,1306,1334,1410,1350,1373,1379,1245,1424,1337,1371,1307,1428,1366,1323,1454,1353,1384,1353,1393,1369,1458,1390,1432,1354,1357,1280,1423,1366,1313,1304,1333,1426,1356,1385,
2702,2711,2729,2707,2745,2677,2639,2743,2779,2736,2662,2718,2622,2671,2749,2641,2638,2688,2638,2762,2643,2658,2794,2690,2621,2756,2598,2781,2791,2769,2607,2629,2693,2748,2656,2602,2817,2633,2663,2713,2616,2741,2769,2825,2729,2679,1380,1367,1471,1350,1341,1273,1433,1330,1350,1332,1402,1355,1437,1223,1319,1246,1379,1337,1319,1344,1326,1491,1369,1504,1429,1208,1354,1471,1351,1379,1367,1390,1341,1372,1354,1368,1334,1339,1336,1457,1293,1343,1372,1322,1334,1298,1319,1380,1413,1409,1503,1309,1348,1414,1307,1321,1437,1366,1362,1295,1425,1387,1381,1369,1425,1379,1411,1313,1355,1388,1371,1432,1371,1433,1414,1425,1409,1341,1369,1382,1371,1427,
2730,2618,2747,2699,2616,2561,2687,2802,2731,2637,2813,2676,2703,2553,2609,2593,2778,2866,2708,2704,2600,2691,2741,2599,2811,2600,2594,2764,2676,2586,2721,2599,2657,2729,2547,2645,2727,2770,2746,2619,2651,2772,2698,2684,2711,2599,1562,1492,1456,1415,1370,1377,1511,1369,1383,1390,1325,1395,1442,1417,1300,1411,1347,1288,1340,1326,1325,1363,1378,1534,1431,1491,1375,1401,1482,1353,1456,1369,1379,1340,1417,1381,1332,1419,1415,1446,1395,1356,1324,1277,1392,1407,1337,1413,1343,1263,1359,1342,1420,1355,1441,1311,1343,1367,1465,1385,1329,1323,1392,1457,1333,1379,1405,1396,1333,1323,1345,1352,1429,1302,1429,1331,1414,1414,1514,1277,1392,1392,
2705,2687,2857,2677,2755,2658,2734,2783,2849,2621,2698,2657,2639,2683,2601,2696,2700,2677,2666,2636,2795,2552,2755,2633,2626,2689,2661,2708,2789,2722,2557,2826,2731,2708,2667,2767,2790,2605,2697,2685,2664,2772,2805,2642,2761,1377,1417,1353,1414,1362,1399,1186,1413,1296,1374,1394,1420,1369,1423,1484,1425,1388,1411,1428,1454,1382,1327,1445,1393,1374,1273,1349,1477,1332,1317,1483,1470,1399,1298,1313,1465,1291,1410,1476,1361,1403,1303,1322,1337,1404,1283,1259,1399,1199,1368,1369,1417,1361,1347,1259,1348,1365,1318,1231,1441,1362,1461,1395,1399,1282,1403,1361,1397,1434,1408,1372,1293,1454,1341,1408,1357,1326,1319,1414,1363,1366,1397,1340,
2691,2682,2762,2738,2751,2701,2725,2727,2623,2724,2665,2795,2676,2696,2627,2706,2596,2757,2821,2669,2691,2697,2574,2682,2809,2578,2605,2828,2648,2703,2824,2741,2727,2628,2697,2715,2676,2612,2509,2735,2711,2605,2708,2734,2791,1598,1405,1421,1348,1373,1267,1456,1219,1419,1359,1417,1366,1376,1278,1386,1400,1405,1429,1378,1343,1416,1336,1357,1408,1409,1345,1407,1296,1354,1426,1396,1374,1305,1388,1335,1325,1400,1388,1334,1436,1402,1502,1362,1379,1456,1367,1410,1286,1336,1337,1361,1323,1320,1332,1381,1355,1352,1274,1396,1352,1370,1374,1315,1429,1413,1281,1270,1342,1327,1281,1384,1473,1366,1295,1420,1453,1409,1408,1344,1291,1443,1370,1405,
